INSERT INTO Admit_Department (Room_id, Available_beds, Per_day_cost, Ac_non_ac) VALUES

('R101', 20, 100, 'AC'),
('R102', 15, 80, 'Non-AC'),
('R103', 25, 120, 'AC'),
('R104', 18, 90, 'Non-AC'),
('R105', 30, 150, 'AC'),
('R106', 22, 110, 'AC'),
('R107', 17, 85, 'Non-AC'),
('R108', 28, 130, 'AC'),
('R109', 19, 95, 'Non-AC'),
('R110', 33, 160, 'AC'),
('R111', 24, 115, 'AC'),
('R112', 16, 75, 'Non-AC'),
('R113', 27, 140, 'AC'),
('R114', 21, 105, 'Non-AC'),
('R115', 29, 145, 'AC'),
('R116', 14, 70, 'Non-AC'),
('R117', 26, 135, 'AC'),
('R118', 23, 125, 'Non-AC'),
('R119', 31, 155, 'AC'),
('R120', 18, 80, 'Non-AC'),
('R121', 32, 165, 'AC'),
('R122', 20, 100, 'AC'),
('R123', 15, 80, 'Non-AC'),
('R124', 25, 120, 'AC'),
('R125', 18, 90, 'Non-AC');

INSERT INTO Patient (Patient_id, Patient_name, Age, Room_id) VALUES

    ('P001', 'Aarav Patel', 25, 'R101'),
    ('P002', 'Aaradhya Singh', 40, 'R101'),
    ('P003', 'Aarav Gupta', 30, 'R101'),
    ('P004', 'Ananya Sharma', 45, 'R101'),
    ('P005', 'Aarush Mishra', 35, 'R101'),
    ('P006', 'Advik Choudhury', 28, 'R102'),
    ('P007', 'Aanya Das', 38, 'R102'),
    ('P008', 'Aadya Chauhan', 27, 'R102'),
    ('P009', 'Arnav Reddy', 33, 'R102'),
    ('P010', 'Aahana Kumar', 26, 'R102'),
    ('P011', 'Ishaan Sharma', 31, 'R103'),
    ('P012', 'Riya Dubey', 29, 'R103'),
    ('P013', 'Vihaan Singh', 39, 'R103'),
    ('P014', 'Reyaan Singh', 32, 'R103'),
    ('P015', 'Advait Patel', 36, 'R104'),
    ('P016', 'Aarohi Mishra', 33, 'R104'),
    ('P017', 'Anvi Gupta', 37, 'R104'),
    ('P018', 'Prisha Sharma', 34, 'R104'),
    ('P019', 'Shivansh Singh', 31, 'R105'),
    ('P020', 'Divy Khan', 30, 'R105'),
    ('P021', 'Aaliya Chopra', 25, 'R106'),
    ('P022', 'Aaryan Singh', 40, 'R106'),
    ('P023', 'Amit Sharma', 30, 'R106'),
    ('P024', 'Anika Patel', 45, 'R106'),
    ('P025', 'Arjun Singh', 35, 'R107'),
    ('P026', 'Avni Gupta', 28, 'R107'),
    ('P027', 'Aisha Khan', 38, 'R107'),
    ('P028', 'Aryan Choudhury', 27, 'R107'),
    ('P029', 'Akshay Kumar', 33, 'R108'),
    ('P030', 'Anushka Das', 26, 'R108'),
    ('P031', 'Aishani Chauhan', 31, 'R108'),
    ('P032', 'Ansh Reddy', 29, 'R108'),
    ('P033', 'Akash Sharma', 39, 'R109'),
    ('P034', 'Aparna Dubey', 32, 'R109'),
    ('P035', 'Anjali Singh', 36, 'R109'),
    ('P036', 'Avinash Patel', 34, 'R109'),
    ('P037', 'Ayaan Sharma', 31, 'R110'),
    ('P038', 'Ananya Dubey', 30, 'R110'),
    ('P039', 'Amaira Singh', 25, 'R110'),
    ('P040', 'Aarav Reddy', 40, 'R110'),
    ('P041', 'Aditya Kumar', 27, 'R111'),
    ('P042', 'Neha Sharma', 32, 'R111'),
    ('P043', 'Rohan Singh', 35, 'R111'),
    ('P044', 'Ananya Gupta', 29, 'R111'),
    ('P045', 'Rahul Choudhury', 30, 'R112'),
    ('P046', 'Priya Singh', 28, 'R112'),
    ('P047', 'Sneha Reddy', 34, 'R112'),
    ('P048', 'Kunal Patel', 31, 'R112'),
    ('P049', 'Vishal Jain', 33, 'R113'),
    ('P050', 'Anjali Dubey', 26, 'R113'),
    ('P051', 'Aryan Sharma', 36, 'R113'),
    ('P052', 'Swati Mishra', 30, 'R113'),
    ('P053', 'Rajat Verma', 28, 'R114'),
    ('P054', 'Sakshi Singh', 31, 'R114'),
    ('P055', 'Ankit Gupta', 27, 'R114'),
    ('P056', 'Divya Patel', 35, 'R114'),
    ('P057', 'Vivek Kumar', 32, 'R115'),
    ('P058', 'Meera Sharma', 29, 'R115'),
    ('P059', 'Rajesh Singh', 33, 'R115'),
    ('P060', 'Anjali Dubey', 30, 'R115'),
    ('P061', 'Amit Patel', 28, 'R116'),
    ('P062', 'Suman Das', 34, 'R116'),
    ('P063', 'Prateek Sharma', 31, 'R116'),
    ('P064', 'Simran Gupta', 27, 'R116'),
    ('P065', 'Nikhil Reddy', 33, 'R117'),
    ('P066', 'Priyanka Jain', 30, 'R117'),
    ('P067', 'Rohit Kumar', 28, 'R117'),
    ('P068', 'Pooja Singh', 32, 'R117'),
    ('P069', 'Aman Verma', 29, 'R118'),
    ('P070', 'Anushka Dubey', 35, 'R118'),
    ('P071', 'Rajat Sharma', 31, 'R118'),
    ('P072', 'Shreya Singh', 27, 'R118'),
    ('P073', 'Karan Gupta', 33, 'R119'),
    ('P074', 'Anjali Patel', 30, 'R119'),
    ('P075', 'Riya Kumar', 28, 'R119'),
    ('P076', 'Rohini Mishra', 32, 'R119'),
    ('P077', 'Abhishek Singh', 29, 'R120'),
    ('P078', 'Megha Sharma', 34, 'R120'),
    ('P079', 'Rahul Dubey', 31, 'R120'),
    ('P080', 'Kritika Gupta', 27, 'R120'),
    ('P081', 'Vikram Singh', 28, 'R101'),
    ('P082', 'Anjali Sharma', 32, 'R101'),
    ('P083', 'Rahul Gupta', 35, 'R101'),
    ('P084', 'Kavita Patel', 29, 'R101'),
    ('P085', 'Suresh Verma', 30, 'R102'),
    ('P086', 'Priya Dubey', 28, 'R102'),
    ('P087', 'Alok Kumar', 34, 'R102'),
    ('P088', 'Neha Singh', 31, 'R102'),
    ('P089', 'Amit Jain', 33, 'R103'),
    ('P090', 'Shweta Sharma', 26, 'R103'),
    ('P091', 'Ravi Dubey', 36, 'R103'),
    ('P092', 'Preeti Gupta', 30, 'R103'),
    ('P093', 'Sanjay Patel', 28, 'R104'),
    ('P094', 'Deepa Singh', 31, 'R104'),
    ('P095', 'Kumar Mishra', 27, 'R104'),
    ('P096', 'Anita Verma', 35, 'R104'),
    ('P097', 'Rajesh Kumar', 32, 'R105'),
    ('P098', 'Neeta Sharma', 29, 'R105'),
    ('P099', 'Vivek Dubey', 33, 'R105'),
    ('P100', 'Nisha Gupta', 27, 'R105'),
    ('P101', 'Alok Singh', 34, 'R106'),
    ('P102', 'Ananya Dubey', 30, 'R106'),
    ('P103', 'Rajat Patel', 28, 'R106'),
    ('P104', 'Sneha Verma', 32, 'R106'),
    ('P105', 'Rohit Kumar', 29, 'R107'),
    ('P106', 'Shilpa Sharma', 35, 'R107'),
    ('P107', 'Varun Jain', 31, 'R107'),
    ('P108', 'Anjali Mishra', 27, 'R107'),
    ('P109', 'Rajesh Singh', 33, 'R108'),
    ('P110', 'Manisha Gupta', 30, 'R108'),
    ('P111', 'Vishal Dubey', 28, 'R108'),
    ('P112', 'Anita Patel', 32, 'R108'),
    ('P113', 'Rakesh Kumar', 29, 'R109'),
    ('P114', 'Pooja Verma', 34, 'R109'),
    ('P115', 'Avinash Singh', 31, 'R109'),
    ('P116', 'Neelam Sharma', 27, 'R109'),
    ('P117', 'Rajeev Gupta', 33, 'R110'),
    ('P118', 'Jyoti Dubey', 30, 'R110'),
    ('P119', 'Anil Patel', 28, 'R110'),
    ('P120', 'Kavita Singh', 32, 'R110'),
    ('P121', 'Rohit Sharma', 28, 'R120'),
    ('P122', 'Anjali Gupta', 32, 'R120'),
    ('P123', 'Sachin Dubey', 35, 'R120'),
    ('P124', 'Priya Patel', 29, 'R120'),
    ('P125', 'Amit Kumar', 30, 'R121'),
    ('P126', 'Manisha Sharma', 28, 'R121'),
    ('P127', 'Vikas Singh', 34, 'R121'),
    ('P128', 'Anita Mishra', 31, 'R121'),
    ('P129', 'Rajeev Verma', 33, 'R122'),
    ('P130', 'Monica Dubey', 26, 'R122'),
    ('P131', 'Varun Jain', 36, 'R122'),
    ('P132', 'Priyanka Gupta', 30, 'R122'),
    ('P133', 'Rakesh Kumar', 28, 'R123'),
    ('P134', 'Neha Singh', 31, 'R123'),
    ('P135', 'Avinash Dubey', 27, 'R123'),
    ('P136', 'Sunita Verma', 35, 'R123'),
    ('P137', 'Rajesh Singh', 32, 'R124'),
    ('P138', 'Sneha Sharma', 29, 'R124'),
    ('P139', 'Vishal Dubey', 33, 'R124'),
    ('P140', 'Pooja Patel', 27, 'R124'),
    ('P141', 'Alok Kumar', 34, 'R125'),
    ('P142', 'Anjali Jain', 30, 'R125'),
    ('P143', 'Ravi Sharma', 28, 'R125'),
    ('P144', 'Deepa Gupta', 32, 'R125'),
    ('P145', 'Saurabh Patel', 28, 'R110'),
    ('P146', 'Poonam Sharma', 32, 'R110'),
    ('P147', 'Akash Singh', 35, 'R110'),
    ('P148', 'Komal Gupta', 29, 'R110'),
    ('P149', 'Vivek Verma', 30, 'R111'),
    ('P150', 'Anita Dubey', 28, 'R111'),
    ('P151', 'Rohini Jain', 34, 'R111'),
    ('P152', 'Rakesh Kumar', 31, 'R111'),
    ('P153', 'Neeraj Verma', 33, 'R112'),
    ('P154', 'Mamta Dubey', 26, 'R112'),
    ('P155', 'Rajat Jain', 36, 'R112'),
    ('P156', 'Priya Gupta', 30, 'R112'),
    ('P157', 'Amit Kumar', 28, 'R113'),
    ('P158', 'Pooja Sharma', 31, 'R113'),
    ('P159', 'Vikas Dubey', 27, 'R113'),
    ('P160', 'Ritu Verma', 35, 'R113'),
    ('P161', 'Rahul Singh', 32, 'R114'),
    ('P162', 'Anjali Sharma', 29, 'R114'),
    ('P163', 'Vishal Dubey', 33, 'R114'),
    ('P164', 'Anita Patel', 27, 'R114'),
    ('P165', 'Karan Kumar', 34, 'R115'),
    ('P166', 'Preeti Gupta', 30, 'R115'),
    ('P167', 'Vikram Verma', 28, 'R115'),
    ('P168', 'Rajni Jain', 32, 'R115'),
    ('P169', 'Sanjay Singh', 29, 'R116'),
    ('P170', 'Ritu Sharma', 35, 'R116'),
    ('P171', 'Vishal Dubey', 31, 'R116'),
    ('P172', 'Anita Yadav', 27, 'R116'),
    ('P173', 'Rahul Kumar', 33, 'R117'),
    ('P174', 'Anjali Singh', 30, 'R117'),
    ('P175', 'Vikas Dubey', 28, 'R117'),
    ('P176', 'Pooja Patel', 32, 'R117'),
    ('P177', 'Alok Kumar', 29, 'R118'),
    ('P178', 'Rashmi Gupta', 34, 'R118'),
    ('P179', 'Vishal Sharma', 31, 'R118'),
    ('P180', 'Anjali Dubey', 27, 'R118'),
    ('P181', 'Rajesh Singh', 33, 'R119'),
    ('P182', 'Komal Sharma', 30, 'R119'),
    ('P183', 'Vivek Verma', 28, 'R119'),
    ('P184', 'Anita Dubey', 32, 'R119'),
    ('P185', 'Rohit Kumar', 29, 'R120'),
    ('P186', 'Priya Gupta', 34, 'R120'),
    ('P187', 'Vikas Dubey', 31, 'R120'),
    ('P188', 'Anjali Patel', 27, 'R120'),
    ('P189', 'Amit Kumar', 28, 'R101'),
    ('P190', 'Pooja Sharma', 32, 'R101'),
    ('P191', 'Vikas Dubey', 35, 'R101'),
    ('P192', 'Anjali Gupta', 29, 'R101'),
    ('P193', 'Rahul Singh', 30, 'R102'),
    ('P194', 'Sneha Verma', 28, 'R102'),
    ('P195', 'Vivek Sharma', 34, 'R102'),
    ('P196', 'Anjali Patel', 31, 'R102'),
    ('P197', 'Vikram Kumar', 33, 'R103'),
    ('P198', 'Preeti Gupta', 26, 'R103'),
    ('P199', 'Rohit Verma', 36, 'R103'),
    ('P200', 'Ritu Sharma', 30, 'R103'),
    ('P201', 'Rajesh Singh', 28, 'R104'),
    ('P202', 'Anita Dubey', 31, 'R104'),
    ('P203', 'Vishal Kumar', 27, 'R104'),
    ('P204', 'Pooja Sharma', 35, 'R104'),
    ('P205', 'Rahul Verma', 32, 'R105'),
    ('P206', 'Anjali Jain', 29, 'R105'),
    ('P207', 'Vivek Dubey', 33, 'R105'),
    ('P208', 'Rajni Sharma', 27, 'R105'),
    ('P209', 'Sanjay Singh', 34, 'R106'),
    ('P210', 'Ritu Gupta', 30, 'R106'),
    ('P211', 'Vishal Verma', 28, 'R106'),
    ('P212', 'Rajni Jain', 32, 'R106'),
    ('P213', 'Rahul Kumar', 29, 'R107'),
    ('P214', 'Anjali Singh', 35, 'R107'),
    ('P215', 'Vikas Dubey', 31, 'R107'),
    ('P216', 'Pooja Patel', 27, 'R107'),
    ('P217', 'Alok Kumar', 33, 'R108'),
    ('P218', 'Rashmi Gupta', 30, 'R108'),
    ('P219', 'Vishal Sharma', 28, 'R108'),
    ('P220', 'Anjali Dubey', 32, 'R108'),
    ('P221', 'Rajesh Singh', 29, 'R109'),
    ('P222', 'Komal Sharma', 34, 'R109'),
    ('P223', 'Vivek Verma', 31, 'R109'),
    ('P224', 'Anita Dubey', 27, 'R109'),
    ('P225', 'Rohit Kumar', 33, 'R110'),
    ('P226', 'Priya Gupta', 30, 'R110'),
    ('P227', 'Vikas Dubey', 28, 'R110'),
    ('P228', 'Anjali Patel', 32, 'R110'),
    ('P229', 'Alok Kumar', 29, 'R111'),
    ('P230', 'Rashmi Gupta', 34, 'R111'),
    ('P231', 'Vishal Sharma', 31, 'R111'),
    ('P232', 'Anjali Dubey', 27, 'R111'),
    ('P233', 'Rajesh Singh', 33, 'R112'),
    ('P234', 'Komal Sharma', 30, 'R112'),
    ('P235', 'Vivek Verma', 28, 'R112'),
    ('P236', 'Anita Dubey', 32, 'R112'),
    ('P237', 'Rohit Kumar', 29, 'R113'),
    ('P238', 'Priya Gupta', 34, 'R113'),
    ('P239', 'Vikas Dubey', 31, 'R113'),
    ('P240', 'Anjali Patel', 27, 'R113'),
    ('P241', 'Alok Kumar', 33, 'R114'),
    ('P242', 'Rashmi Gupta', 30, 'R114'),
    ('P243', 'Vishal Sharma', 28, 'R114'),
    ('P244', 'Anjali Dubey', 32, 'R114'),
    ('P245', 'Rajesh Singh', 29, 'R115'),
    ('P246', 'Komal Sharma', 34, 'R115'),
    ('P247', 'Vivek Verma', 31, 'R115'),
    ('P248', 'Anita Dubey', 27, 'R115'),
    ('P249', 'Rohit Kumar', 33, 'R116'),
    ('P250', 'Priya Gupta', 30, 'R116'),
    ('P251', 'Vikas Dubey', 28, 'R116'),
    ('P252', 'Anjali Patel', 32, 'R116'),
    ('P253', 'Alok Kumar', 29, 'R117'),
    ('P254', 'Rashmi Gupta', 34, 'R117'),
    ('P255', 'Vishal Sharma', 31, 'R117'),
    ('P256', 'Anjali Dubey', 27, 'R117'),
    ('P257', 'Rajesh Singh', 33, 'R118'),
    ('P258', 'Komal Sharma', 30, 'R118'),
    ('P259', 'Vivek Verma', 28, 'R118'),
    ('P260', 'Anita Dubey', 32, 'R118'),
    ('P261', 'Rohit Kumar', 29, 'R119'),
    ('P262', 'Priya Gupta', 34, 'R119'),
    ('P263', 'Vikas Dubey', 31, 'R119'),
    ('P264', 'Anjali Patel', 27, 'R119'),
    ('P265', 'Alok Kumar', 33, 'R120'),
    ('P266', 'Rashmi Gupta', 30, 'R120'),
    ('P267', 'Vishal Sharma', 28, 'R120'),
    ('P268', 'Anjali Dubey', 32, 'R120'),
    ('P269', 'Aarav Patel', 28, 'R120'),
    ('P270', 'Aaradhya Singh', 32, 'R120'),
    ('P271', 'Aarav Gupta', 35, 'R120'),
    ('P272', 'Ananya Sharma', 29, 'R120'),
    ('P273', 'Aarush Mishra', 30, 'R121'),
    ('P274', 'Advik Choudhury', 28, 'R121'),
    ('P275', 'Aanya Das', 34, 'R121'),
    ('P276', 'Aadya Chauhan', 31, 'R121'),
    ('P277', 'Arnav Reddy', 33, 'R122'),
    ('P278', 'Aahana Kumar', 26, 'R122'),
    ('P279', 'Ishaan Sharma', 36, 'R122'),
    ('P280', 'Riya Dubey', 30, 'R122'),
    ('P281', 'Vihaan Singh', 32, 'R123'),
    ('P282', 'Reyaan Singh', 29, 'R123'),
    ('P283', 'Advait Patel', 33, 'R123'),
    ('P284', 'Aarohi Mishra', 27, 'R123'),
    ('P285', 'Anvi Gupta', 34, 'R124'),
    ('P286', 'Prisha Sharma', 30, 'R124'),
    ('P287', 'Shivansh Singh', 28, 'R124'),
    ('P288', 'Divy Khan', 32, 'R124'),
    ('P289', 'Saurabh Patel', 29, 'R125'),
    ('P290', 'Poonam Sharma', 34, 'R125'),
    ('P291', 'Akash Singh', 31, 'R125'),
    ('P292', 'Komal Gupta', 27, 'R125');


INSERT INTO Doctor(Doctor_id, Doctor_name, Gender, Specialization) VALUES

('D001', 'Dr. Sharma', 'M', 'Cardiologist'),
('D002', 'Dr. Joshi', 'F', 'Pediatrician'),
('D003', 'Dr. Patel', 'M', 'Orthopedic Surgeon'),
('D004', 'Dr. Kapoor', 'F', 'Dermatologist'),
('D005', 'Dr. Singh', 'M', 'Neurologist'),
('D006', 'Dr. Gupta', 'F', 'Gynecologist'),
('D007', 'Dr. Kumar', 'M', 'Ophthalmologist'),
('D008', 'Dr. Mishra', 'F', 'Endocrinologist'),
('D009', 'Dr. Verma', 'M', 'Gastroenterologist'),
('D010', 'Dr. Reddy', 'F', 'Rheumatologist'),
('D011', 'Dr. Prajapati', 'M', 'Urologist'),
('D012', 'Dr. Banerjee', 'F', 'Pulmonologist'),
('D013', 'Dr. Rao', 'M', 'Otolaryngologist'),
('D014', 'Dr. Tiwari', 'F', 'Hematologist'),
('D015', 'Dr. Sinha', 'M', 'Nephrologist'),
('D016', 'Dr. Malhotra', 'F', 'Oncologist'),
('D017', 'Dr. Chauhan', 'M', 'Psychiatrist'),
('D018', 'Dr. Iyer', 'F', 'Allergist'),
('D019', 'Dr. Hegde', 'M', 'Dentist'),
('D020', 'Dr. Desai', 'F', 'Dietitian'),
('D021', 'Dr. Sharma', 'M', 'Cardiologist'),
    ('D022', 'Dr. Joshi', 'F', 'Pediatrician'),
    ('D023', 'Dr. Patel', 'M', 'Orthopedic Surgeon'),
    ('D024', 'Dr. Kapoor', 'F', 'Dermatologist'),
    ('D025', 'Dr. Singh', 'M', 'Neurologist'),
    ('D026', 'Dr. Gupta', 'F', 'Gynecologist'),
    ('D027', 'Dr. Kumar', 'M', 'Ophthalmologist'),
    ('D028', 'Dr. Mishra', 'F', 'Endocrinologist'),
    ('D029', 'Dr. Verma', 'M', 'Gastroenterologist'),
    ('D030', 'Dr. Reddy', 'F', 'Rheumatologist'),
    ('D031', 'Dr. Prajapati', 'M', 'Urologist'),
    ('D032', 'Dr. Banerjee', 'F', 'Pulmonologist'),
    ('D033', 'Dr. Rao', 'M', 'Otolaryngologist'),
    ('D034', 'Dr. Tiwari', 'F', 'Hematologist'),
    ('D035', 'Dr. Sinha', 'M', 'Nephrologist'),
    ('D036', 'Dr. Malhotra', 'F', 'Oncologist'),
    ('D037', 'Dr. Chauhan', 'M', 'Psychiatrist'),
    ('D038', 'Dr. Iyer', 'F', 'Allergist'),
    ('D039', 'Dr. Hegde', 'M', 'Dentist'),
    ('D040', 'Dr. Desai', 'F', 'Dietitian'),
    ('D041', 'Dr. Khan', 'M', 'Cardiologist'),
    ('D042', 'Dr. Joshi', 'F', 'Pediatrician'),
    ('D043', 'Dr. Shah', 'M', 'Orthopedic Surgeon'),
    ('D044', 'Dr. Agarwal', 'F', 'Dermatologist'),
    ('D045', 'Dr. Mishra', 'M', 'Neurologist'),
    ('D046', 'Dr. Gupta', 'F', 'Gynecologist'),
    ('D047', 'Dr. Kumar', 'M', 'Ophthalmologist'),
    ('D048', 'Dr. Singhania', 'F', 'Endocrinologist'),
    ('D049', 'Dr. Varma', 'M', 'Gastroenterologist'),
    ('D050', 'Dr. Reddy', 'F', 'Rheumatologist'),
    ('D051', 'Dr. Patel', 'M', 'Urologist'),
    ('D052', 'Dr. Banerjee', 'F', 'Pulmonologist'),
    ('D053', 'Dr. Rao', 'M', 'Otolaryngologist'),
    ('D054', 'Dr. Tiwari', 'F', 'Hematologist'),
    ('D055', 'Dr. Sinha', 'M', 'Nephrologist'),
    ('D056', 'Dr. Malhotra', 'F', 'Oncologist'),
    ('D057', 'Dr. Chauhan', 'M', 'Psychiatrist'),
    ('D058', 'Dr. Iyer', 'F', 'Allergist'),
    ('D059', 'Dr. Hegde', 'M', 'Dentist'),
    ('D060', 'Dr. Desai', 'F', 'Dietitian'),
    ('D061', 'Dr. Khan', 'M', 'Cardiologist'),
    ('D062', 'Dr. Joshi', 'F', 'Pediatrician'),
    ('D063', 'Dr. Shah', 'M', 'Orthopedic Surgeon'),
    ('D064', 'Dr. Agarwal', 'F', 'Dermatologist'),
    ('D065', 'Dr. Mishra', 'M', 'Neurologist'),
    ('D066', 'Dr. Gupta', 'F', 'Gynecologist'),
    ('D067', 'Dr. Kumar', 'M', 'Ophthalmologist'),
    ('D068', 'Dr. Singhania', 'F', 'Endocrinologist'),
    ('D069', 'Dr. Varma', 'M', 'Gastroenterologist'),
    ('D070', 'Dr. Reddy', 'F', 'Rheumatologist'),
    ('D071', 'Dr. Patel', 'M', 'Urologist'),
    ('D072', 'Dr. Banerjee', 'F', 'Pulmonologist'),
    ('D073', 'Dr. Rao', 'M', 'Otolaryngologist'),
    ('D074', 'Dr. Tiwari', 'F', 'Hematologist'),
    ('D075', 'Dr. Sinha', 'M', 'Nephrologist'),
    ('D076', 'Dr. Malhotra', 'F', 'Oncologist'),
    ('D077', 'Dr. Chauhan', 'M', 'Psychiatrist'),
    ('D078', 'Dr. Iyer', 'F', 'Allergist'),
    ('D079', 'Dr. Hegde', 'M', 'Dentist'),
    ('D080', 'Dr. Desai', 'F', 'Dietitian'),
    ('D081', 'Dr. Khan', 'M', 'Cardiologist'),
    ('D082', 'Dr. Joshi', 'F', 'Pediatrician'),
    ('D083', 'Dr. Shah', 'M', 'Orthopedic Surgeon'),
    ('D084', 'Dr. Agarwal', 'F', 'Dermatologist'),
    ('D085', 'Dr. Mishra', 'M', 'Neurologist'),
    ('D086', 'Dr. Gupta', 'F', 'Gynecologist'),
    ('D087', 'Dr. Kumar', 'M', 'Ophthalmologist'),
    ('D088', 'Dr. Singhania', 'F', 'Endocrinologist'),
    ('D089', 'Dr. Varma', 'M', 'Gastroenterologist'),
    ('D090', 'Dr. Reddy', 'F', 'Rheumatologist'),
    ('D091', 'Dr. Patel', 'M', 'Urologist'),
    ('D092', 'Dr. Banerjee', 'F', 'Pulmonologist'),
    ('D093', 'Dr. Rao', 'M', 'Otolaryngologist'),
    ('D094', 'Dr. Tiwari', 'F', 'Hematologist'),
    ('D095', 'Dr. Sinha', 'M', 'Nephrologist'),
    ('D096', 'Dr. Malhotra', 'F', 'Oncologist'),
    ('D097', 'Dr. Chauhan', 'M', 'Psychiatrist'),
    ('D098', 'Dr. Iyer', 'F', 'Allergist'),
    ('D099', 'Dr. Hegde', 'M', 'Dentist'),
    ('D100', 'Dr. Desai', 'F', 'Dietitian');
		
		INSERT INTO Medicine (Medicine_name, Disease) VALUES
('Paracetamol', 'Fever'),
('Amoxicillin', 'Infection'),
('Aspirin', 'Headache'),
('Omeprazole', 'Acid reflux'),
('Diphenhydramine', 'Allergies'),
('Loratadine', 'Allergies'),
('Ranitidine', 'Acid reflux'),
-- ('Ciprofloxacin', 'Infection'),
('Morphine', 'Pain'),
('Simvastatin', 'High cholesterol'),
-- ('Metformin', 'Diabetes'),
('Lisinopril', 'Hypertension'),
('Warfarin', 'Blood clot'),
('Insulin', 'Diabetes'),
('Prednisone', 'Inflammation'),
('Albuterol', 'Fever'),
('Furosemide', 'Pain'),
('Atorvastatin', 'Allergies'),
-- ('Levothyroxine', 'Headache'),
-- ('Hydroxyzine', 'Pruritus'),
('Azathioprine', 'Autoimmune hepatitis'),
('Acetazolamide', 'Altitude sickness'),
('Alendronate', 'Osteopenia'),
('Bimatoprost', 'Cough'),
('Clozapine', 'Heart failure'),
('Dexamethasone', 'Chemotherapy'),
('Ertapenem', 'Intra-abdominal'),
('Fosinopril', 'Heart failure'),
('Guaifenesin', 'Cough'),
-- ('Hydrochlorothiazide', 'Edema'),
('Isotretinoin', 'Severe acne'),
('Ketorolac', 'Postoperative pain'),
-- ('Lamotrigine', 'Bipolar depression'),
('Memantine', 'Vascular dementia'),
('Naltrexone', 'Alcohol dependence'),
('Olanzapine', 'Bipolar'),
('Phentermine', 'Weight loss'),
('Quinapril', 'Hypertension'),
('Rivastigmine', 'Acute psychosis'),
('Sertraline', 'Obsessive'),
('Telmisartan', 'Diabetic nephropathy'),
('Ursodiol', 'Primary biliary cholangitis'),
('Vardenafil', 'Erectile dysfunction'),
('Zolpidem', 'Insomnia'),
('Aripiprazole', 'Cough'),
('Bromocriptine', 'Hyperprolactinemia'),
('Carbamazepine', 'Acute psychosis'),
('Dronabinol', 'Acute psychosis'),
('Epoetin alfa', 'Heart failure'),
-- ('Fluticasone', 'Cough'),
('Glyburide', 'Gestational diabetes'),
('Haloperidol', 'Acute psychosis'),
('Ibuprofen', 'Menstrual cramps'),
('Jardiance', 'Cough'),
('Ketoconazole', 'Pruritus'),
('Levalbuterol', 'Asthma exacerbation'),
('Metformin', 'Polycystic'),
('Norethindrone', 'Endometriosis'),
('Oxymorphone', 'Pruritus'),
('Rabeprazole', 'Cellulitis'),
('Hydrochlorothiazide', 'Hypertension'),
('Methylprednisolone', 'Cellulitis'),
('Pregabalin', 'Generalized anxietY'),
('Naproxen', 'Dysmenorrhea'),
('Esomeprazole', 'Peptic ulcer disease'),
('Clindamycin', 'Cellulitis'),
('Fluconazole', 'Gout'),
('Metronidazole', 'Hypertension'),
('Oseltamivir', 'Influenza'),
('Estradiol', 'Hypertension'),
('Mupirocin', 'Impetigo'),
('Lorazepam', 'Seizure control'),
-- ('Fluoxetine', 'Premenstrual'),
('Mometasone', 'Gout'),
('Methadone', 'Opioid addiction'),
('Labetalol', 'Preeclampsia'),
('Levonorgestrel', 'Emergency'),
('Bisoprolol', 'Heart failure'),
('Dapagliflozin', 'Type 2 diabetes'),
('Cefuroxime', 'Sinusitis'),
('Doxazosin', 'Benign prostatic'),
-- ('Methotrexate', 'Psoriasis'),
('Desvenlafaxine', 'Major depressive'),
('Risperidone', 'Schizophrenia'),
('Prazosin', 'Gout'),
('Clobetasol', 'Scalp psoriasis'),
('Sodium oxybate', 'Narcolepsy'),
('Ezetimibe', 'Hypercholesterolemia'),
('Ciprofloxacin', 'Diverticulitis'),
('Acyclovir', 'Trichomoniasis'),
('Diltiazem', 'Atrial fibrillation'),
('Terbinafine', 'Fungal naiL'),
('Bupropion', 'Seasonal affective'),
('Sulfamethoxazole', 'Major disorder'),
('Brimonidine', 'Glaucoma'),
('Clotrimazole', 'Yeast infection'),
('Colchicine', 'Gout'),
('Fluvoxamine', 'Cellulitis'),
('Tiotropium', 'Trichomoniasis'),
('Metoprolol', 'Hypertension'),
('Clopidogrel', 'Stroke prevention'),
('Cephalexin', 'Skin infection'),
('Gabapentin', 'Neuropathic pain'),
('Fluticasone', 'Allergic asthma'),
('Nifedipine', 'Raynauds phenomenon'),
('Levetiracetam', 'Epilepsy'),
('Oxycodone', 'Depression'),
('Hydrocortisone', 'Inflammatory disease'),
('Quetiapine', 'Bipolar disorder'),
('Budesonide', 'Crohns disease'),
('Rosuvastatin', 'Hyperlipidemia'),
('Pioglitazone', 'Type 2 diabetes'),
('Valsartan', 'Heart failure'),
('Rivaroxaban', 'Deep vein thrombosis'),
('Amlodipine', 'Angina'),
('Citalopram', 'Depression'),
('Tamsulosin', 'Benign prostatic'),
('Methotrexate', 'Rheumatoid arthritis'),
-- ('Prednisolone', 'Chronic edisease'),
('Hydromorphone', 'Cancer-related pain'),
('Candesartan', 'Hypertension'),
('Amiodarone', 'Atrial fibrillation'),
('Fluoxetine', 'Obsessive'),
('Sildenafil', 'Erectile dysfunction'),
('Clarithromycin', 'Depression'),
('Duloxetine', 'Fibromyalgia'),
('Metoclopramide', 'Gastroparesis'),
('Lamotrigine', 'Bipolar disorder'),
('Fenofibrate', 'Hypertriglyceridemia'),
('Levothyroxine', 'Hypothyroidism'),
('Ethinyl estradiol', 'Contraception'),
('Nitroglycerin', 'Depression'),
('Hydroxyzine', 'Anxiety'),
('Prednisolone', 'Autoimmune hepatitis'),
('Trazodone', 'Insomnia'),
-- ('Metronidazole', 'Bacterial vaginosis'),
-- ('Memantine', 'Depression'),
('Celecoxib', 'Osteoarthritis'),
-- ('Lorazepam', 'Panic disorder'),
('Penicillin', 'Bacterial infection'),
-- ('Naproxen', 'Migraine'),
('Codeine', 'Chronic pain'),
('Pantoprazole', 'GERD'),
('Cetirizine', 'Hay fever'),
('Desloratadine', 'Seasonal allergies'),
('Famotidine', 'Heartburn'),
('Azithromycin', 'Respiratory infection'),
('Tramadol', 'Severe pain'),
-- ('Ezetimibe', 'High cholesterol'),
('Gliclazide', 'Type 2 diabetes'),
('Losartan', 'Hypertension'),
('Heparin', 'Deep vein thrombosis'),
('Sitagliptin', 'Type 2 diabetes'),
-- ('Dexamethasone', 'Autoimmune disorder'),
('Acetaminophen', 'Fever'),
('Diclofenac', 'Arthritis'),
-- ('Cetirizine', 'Allergic rhinitis'),
('Sumatriptan', 'Heartburn'),
('Mirtazapine', 'Depression'),
-- ('Amoxicillin', 'GERD'),
('Topiramate', 'Neuropathic pain'),
('Lansoprazole', 'Gastric ulcer'),
-- ('Alendronate', 'Osteoporosis'),
-- ('Sitagliptin', 'Type 2 diabetes'),
('Atenolol', 'Hypertension'),
('Enoxaparin', 'Thromboembolism'),
-- ('Budesonide', 'Asthma'),
('Clonidine', 'Heartburn'),
('Montelukast', 'GERD'),
('Alprazolam', 'Anxiety disorder'),
('Doxycycline', 'Lyme disease'),
-- ('Hydrochlorothiazide', 'Edema'),
-- ('Bupropion', 'Heartburn'),
('Phenytoin', 'Seizures'),
('Levofloxacin', 'Pneumonia'),
('Carvedilol', 'Heart failure'),
('Fentanyl', 'Heartburn'),
('Salmeterol', 'GERD');
		
INSERT INTO Appointment (Doctor_id, Patient_id, Start_date, End_date, Charge_taken) VALUES

('D001', 'P001', '2024-03-15', '2024-06-15', 1000),
('D001', 'P002', '2024-04-15', '2024-06-20', 1000),
('D001', 'P003', '2024-04-25', '2024-07-15', 1000),
('D001', 'P004', '2024-05-05', '2024-08-10', 1000),
('D002', 'P005', '2024-06-20', '2024-09-20', 1200),
('D002', 'P006', '2024-07-15', '2024-10-15', 1200),
('D003', 'P007', '2024-09-10', '2024-12-10', 1500),
('D003', 'P008', '2024-10-10', '2025-01-10', 1500),
('D003', 'P009', '2024-11-05', '2025-02-05', 1500),
('D003', 'P010', '2024-12-05', '2025-03-05', 1500),
('D004', 'P011', '2025-01-05', '2025-04-05', 1100),
('D005', 'P012', '2025-02-05', '2025-05-05', 2000),
('D005', 'P013', '2025-03-05', '2025-06-05', 2000),
('D005', 'P014', '2025-04-05', '2025-07-05', 2000),
('D005', 'P015', '2025-05-05', '2025-08-05', 2000),
('D006', 'P016', '2025-06-05', '2025-09-05', 1300),
('D006', 'P017', '2025-07-05', '2025-10-05', 1300),
('D007', 'P018', '2025-08-05', '2025-11-05', 1100),
('D007', 'P019', '2025-09-05', '2025-12-05', 1100),
('D007', 'P020', '2025-10-05', '2026-01-05', 1100),
('D007', 'P021', '2025-11-05', '2026-02-05', 1100),
('D008', 'P022', '2026-01-05', '2026-04-05', 1300),
('D009', 'P023', '2026-02-05', '2026-05-05', 1500),
('D009', 'P024', '2026-03-05', '2026-06-05', 1500),
('D009', 'P025', '2026-04-05', '2026-07-05', 1500),
('D009', 'P026', '2026-05-05', '2026-08-05', 1500),
('D010', 'P027', '2026-06-05', '2026-09-05', 1700),
('D010', 'P028', '2026-07-05', '2026-10-05', 1700),
('D011', 'P029', '2026-08-05', '2026-11-05', 1800),
('D011', 'P030', '2026-09-05', '2026-12-05', 1800),
('D011', 'P031', '2026-10-05', '2027-01-05', 1800),
('D011', 'P032', '2026-11-05', '2027-02-05', 1800),
('D012', 'P033', '2026-12-05', '2027-03-05', 1200),
('D013', 'P034', '2027-01-05', '2027-04-05', 1400),
('D013', 'P035', '2027-02-05', '2027-05-05', 1400),
('D013', 'P036', '2027-03-05', '2027-06-05', 1400),
('D013', 'P037', '2027-04-05', '2027-07-05', 1400),
('D014', 'P038', '2027-05-05', '2027-08-05', 800),
('D014', 'P039', '2027-06-05', '2027-09-05', 800),
('D015', 'P040', '2027-07-05', '2027-10-05', 1600),
('D015', 'P041', '2027-08-05', '2027-11-05', 1600),
('D015', 'P042', '2027-09-05', '2027-12-05', 1600),
('D015', 'P043', '2027-10-05', '2028-01-05', 1600),
('D016', 'P044', '2027-11-05', '2028-02-05', 900),
('D017', 'P045', '2027-12-05', '2028-03-05', 1000),
('D017', 'P046', '2028-01-05', '2028-04-05', 1000),
('D017', 'P047', '2028-02-05', '2028-05-05', 1000),
('D017', 'P048', '2028-03-05', '2028-06-05', 1000),
('D018', 'P049', '2028-04-05', '2028-07-05', 1100),
('D018', 'P050', '2028-05-05', '2028-08-05', 1100),
('D019', 'P051', '2028-06-05', '2028-09-05', 1000),
('D019', 'P052', '2028-07-05', '2028-10-05', 1000),
('D019', 'P053', '2028-08-05', '2028-11-05', 1000),
('D019', 'P054', '2028-09-05', '2028-12-05', 1000),
('D020', 'P055', '2028-10-05', '2029-01-05', 1200),
('D021', 'P056', '2028-11-05', '2029-02-05', 1300),
('D021', 'P057', '2028-12-05', '2029-03-05', 1300),
('D021', 'P058', '2029-01-05', '2029-04-05', 1300),
('D021', 'P059', '2029-02-05', '2029-05-05', 1300),
('D022', 'P060', '2029-03-05', '2029-06-05', 1400),
('D022', 'P061', '2029-04-05', '2029-07-05', 1400),
('D023', 'P062', '2029-05-05', '2029-08-05', 1500),
('D023', 'P063', '2029-06-05', '2029-09-05', 1500),
('D023', 'P064', '2029-07-05', '2029-10-05', 1500),
('D023', 'P065', '2029-08-05', '2029-11-05', 1500),
('D024', 'P066', '2029-09-05', '2029-12-05', 1600),
('D025', 'P067', '2029-10-05', '2030-01-05', 1700),
('D025', 'P068', '2029-11-05', '2030-02-05', 1700),
('D025', 'P069', '2029-12-05', '2030-03-05', 1700),
('D025', 'P070', '2030-01-05', '2030-04-05', 1700),
('D026', 'P071', '2030-02-05', '2030-05-05', 1800),
('D026', 'P072', '2030-03-05', '2030-06-05', 1800),
('D027', 'P073', '2030-04-05', '2030-07-05', 1900),
('D027', 'P074', '2030-05-05', '2030-08-05', 1900),
('D027', 'P075', '2030-06-05', '2030-09-05', 1900),
('D027', 'P076', '2030-07-05', '2030-10-05', 1900),
('D028', 'P077', '2030-08-05', '2030-11-05', 2000),
('D029', 'P078', '2030-09-05', '2030-12-05', 2100),
('D029', 'P079', '2030-10-05', '2031-01-05', 2100),
('D029', 'P080', '2030-11-05', '2031-02-05', 2100),
('D029', 'P081', '2030-12-05', '2031-03-05', 2100),
('D030', 'P082', '2031-01-05', '2031-04-05', 2200),
('D030', 'P083', '2031-02-05', '2031-05-05', 2200),
('D031', 'P084', '2031-03-05', '2031-06-05', 2300),
('D031', 'P085', '2031-04-05', '2031-07-05', 2300),
('D031', 'P086', '2031-05-05', '2031-08-05', 2300),
('D031', 'P087', '2031-06-05', '2031-09-05', 2300),
('D032', 'P088', '2031-07-05', '2031-10-05', 2400),
('D033', 'P089', '2031-08-05', '2031-11-05', 2500),
('D033', 'P090', '2031-09-05', '2031-12-05', 2500),
('D033', 'P091', '2031-10-05', '2032-01-05', 2500),
('D033', 'P092', '2031-11-05', '2032-02-05', 2500),
('D034', 'P093', '2031-12-05', '2032-03-05', 2600),
('D034', 'P094', '2032-01-05', '2032-04-05', 2600),
('D035', 'P095', '2032-02-05', '2032-05-05', 2700),
('D035', 'P096', '2032-03-05', '2032-06-05', 2700),
('D035', 'P097', '2032-04-05', '2032-07-05', 2700),
('D035', 'P098', '2032-05-05', '2032-08-05', 2700),
('D036', 'P099', '2032-06-05', '2032-09-05', 2800),
('D037', 'P100', '2032-07-05', '2032-10-05', 2900),
('D037', 'P101', '2032-08-05', '2032-11-05', 2900),
('D037', 'P102', '2032-09-05', '2032-12-05', 2900),
('D037', 'P103', '2032-10-05', '2033-01-05', 2900),
('D038', 'P104', '2032-11-05', '2033-02-05', 3000),
('D038', 'P105', '2032-12-05', '2033-03-05', 3000),
('D039', 'P106', '2033-01-05', '2033-04-05', 3100),
('D039', 'P107', '2033-02-05', '2033-05-05', 3100),
('D039', 'P108', '2033-03-05', '2033-06-05', 3100),
('D039', 'P109', '2033-04-05', '2033-07-05', 3100),
('D040', 'P110', '2033-05-05', '2033-08-05', 3200),
('D041', 'P111', '2033-06-05', '2033-09-05', 3300),
('D041', 'P112', '2033-07-05', '2033-10-05', 3300),
('D041', 'P113', '2033-08-05', '2033-11-05', 3300),
('D041', 'P114', '2033-09-05', '2033-12-05', 3300),
('D042', 'P115', '2033-10-05', '2034-01-05', 3400),
('D042', 'P116', '2033-11-05', '2034-02-05', 3400),
('D043', 'P117', '2033-12-05', '2034-03-05', 3500),
('D043', 'P118', '2034-01-05', '2034-04-05', 3500),
('D043', 'P119', '2034-02-05', '2034-05-05', 3500),
('D043', 'P120', '2034-03-05', '2034-06-05', 3500),
('D044', 'P121', '2034-04-05', '2034-07-05', 3600),
('D045', 'P122', '2034-05-05', '2034-08-05', 3700),
('D045', 'P123', '2034-06-05', '2034-09-05', 3700),
('D045', 'P124', '2034-07-05', '2034-10-05', 3700),
('D045', 'P125', '2034-08-05', '2034-11-05', 3700),
('D046', 'P126', '2034-09-05', '2034-12-05', 3800),
('D046', 'P127', '2034-10-05', '2035-01-05', 3800),
('D047', 'P128', '2034-11-05', '2035-02-05', 3900),
('D047', 'P129', '2034-12-05', '2035-03-05', 3900),
('D047', 'P130', '2035-01-05', '2035-04-05', 3900),
('D047', 'P131', '2035-02-05', '2035-05-05', 3900),
('D048', 'P132', '2035-03-05', '2035-06-05', 4000),
('D049', 'P133', '2035-04-05', '2035-07-05', 4100),
('D049', 'P134', '2035-05-05', '2035-08-05', 4100),
('D049', 'P135', '2035-06-05', '2035-09-05', 4100),
('D049', 'P136', '2035-07-05', '2035-10-05', 4100),
('D050', 'P137', '2035-08-05', '2035-11-05', 4200),
('D050', 'P138', '2035-09-05', '2035-12-05', 4200),
('D051', 'P139', '2035-10-05', '2036-01-05', 4300),
('D051', 'P140', '2035-11-05', '2036-02-05', 4300),
('D051', 'P141', '2035-12-05', '2036-03-05', 4300),
('D051', 'P142', '2036-01-05', '2036-04-05', 4300),
('D052', 'P143', '2036-02-05', '2036-05-05', 4400),
('D053', 'P144', '2036-03-05', '2036-06-05', 4500),
('D053', 'P145', '2036-04-05', '2036-07-05', 4500),
('D053', 'P146', '2036-05-05', '2036-08-05', 4500),
('D053', 'P147', '2036-06-05', '2036-09-05', 4500),
('D054', 'P148', '2036-07-05', '2036-10-05', 4600),
('D054', 'P149', '2036-08-05', '2036-11-05', 4600),
('D055', 'P150', '2036-09-05', '2036-12-05', 4700),
('D055', 'P151', '2036-10-05', '2037-01-05', 4700),
('D055', 'P152', '2036-11-05', '2037-02-05', 4700),
('D055', 'P153', '2036-12-05', '2037-03-05', 4700),
('D056', 'P154', '2037-01-05', '2037-04-05', 4800),
('D057', 'P155', '2037-02-05', '2037-05-05', 4900),
('D057', 'P156', '2037-03-05', '2037-06-05', 4900),
('D057', 'P157', '2037-04-05', '2037-07-05', 4900),
('D057', 'P158', '2037-05-05', '2037-08-05', 4900),
('D058', 'P159', '2037-06-05', '2037-09-05', 5000),
('D058', 'P160', '2037-07-05', '2037-10-05', 5000),
('D059', 'P161', '2037-08-05', '2037-11-05', 5100),
('D059', 'P162', '2037-09-05', '2037-12-05', 5100),
('D059', 'P163', '2037-10-05', '2038-01-05', 5100),
('D059', 'P164', '2037-11-05', '2038-02-05', 5100),
('D060', 'P165', '2037-12-05', '2038-03-05', 5200),
('D061', 'P166', '2038-01-05', '2038-04-05', 5300),
('D061', 'P167', '2038-02-05', '2038-05-05', 5300),
('D061', 'P168', '2038-03-05', '2038-06-05', 5300),
('D061', 'P169', '2038-04-05', '2038-07-05', 5300),
('D062', 'P170', '2038-05-05', '2038-08-05', 5400),
('D062', 'P171', '2038-06-05', '2038-09-05', 5400),
('D063', 'P172', '2038-07-05', '2038-10-05', 5500),
('D063', 'P173', '2038-08-05', '2038-11-05', 5500),
('D063', 'P174', '2038-09-05', '2038-12-05', 5500),
('D063', 'P175', '2038-10-05', '2039-01-05', 5500),
('D064', 'P176', '2038-11-05', '2039-02-05', 5600),
('D065', 'P177', '2038-12-05', '2039-03-05', 5700),
('D065', 'P178', '2039-01-05', '2039-04-05', 5700),
('D065', 'P179', '2039-02-05', '2039-05-05', 5700),
('D065', 'P180', '2039-03-05', '2039-06-05', 5700),
('D066', 'P181', '2039-04-05', '2039-07-05', 5800),
('D066', 'P182', '2039-05-05', '2039-08-05', 5800),
('D067', 'P183', '2039-06-05', '2039-09-05', 5900),
('D067', 'P184', '2039-07-05', '2039-10-05', 5900),
('D067', 'P185', '2039-08-05', '2039-11-05', 5900),
('D067', 'P186', '2039-09-05', '2039-12-05', 5900),
('D068', 'P187', '2039-10-05', '2040-01-05', 6000),
('D069', 'P188', '2039-11-05', '2040-02-05', 6100),
('D069', 'P189', '2039-12-05', '2040-03-05', 6100),
('D069', 'P190', '2040-01-05', '2040-04-05', 6100),
('D069', 'P191', '2040-02-05', '2040-05-05', 6100),
('D070', 'P192', '2040-03-05', '2040-06-05', 6200),
('D070', 'P193', '2040-04-05', '2040-07-05', 6200),
('D071', 'P194', '2040-05-05', '2040-08-05', 6300),
('D071', 'P195', '2040-06-05', '2040-09-05', 6300),
('D071', 'P196', '2040-07-05', '2040-10-05', 6300),
('D071', 'P197', '2040-08-05', '2040-11-05', 6300),
('D072', 'P198', '2040-09-05', '2040-12-05', 6400),
('D073', 'P199', '2040-10-05', '2041-01-05', 6500),
('D073', 'P200', '2040-11-05', '2041-02-05', 6500),
('D073', 'P201', '2040-12-05', '2041-03-05', 6500),
('D073', 'P202', '2041-01-05', '2041-04-05', 6500),
('D074', 'P203', '2041-02-05', '2041-05-05', 6600),
('D074', 'P204', '2041-03-05', '2041-06-05', 6600),
('D075', 'P205', '2041-04-05', '2041-07-05', 6700),
('D075', 'P206', '2041-05-05', '2041-08-05', 6700),
('D075', 'P207', '2041-06-05', '2041-09-05', 6700),
('D075', 'P208', '2041-07-05', '2041-10-05', 6700),
('D076', 'P209', '2041-08-05', '2041-11-05', 6800),
('D077', 'P210', '2041-09-05', '2041-12-05', 6900),
('D077', 'P211', '2041-10-05', '2042-01-05', 6900),
('D077', 'P212', '2041-11-05', '2042-02-05', 6900),
('D077', 'P213', '2041-12-05', '2042-03-05', 6900),
('D078', 'P214', '2042-01-05', '2042-04-05', 7000),
('D078', 'P215', '2042-02-05', '2042-05-05', 7000),
('D079', 'P216', '2042-03-05', '2042-06-05', 7100),
('D079', 'P217', '2042-04-05', '2042-07-05', 7100),
('D079', 'P218', '2042-05-05', '2042-08-05', 7100),
('D079', 'P219', '2042-06-05', '2042-09-05', 7100),
('D080', 'P220', '2042-07-05', '2042-10-05', 7200),
('D081', 'P221', '2042-08-05', '2042-11-05', 7300),
('D081', 'P222', '2042-09-05', '2042-12-05', 7300),
('D081', 'P223', '2042-10-05', '2043-01-05', 7300),
('D081', 'P224', '2042-11-05', '2043-02-05', 7300),
('D082', 'P225', '2042-12-05', '2043-03-05', 7400),
('D082', 'P226', '2043-01-05', '2043-04-05', 7400),
('D083', 'P227', '2043-02-05', '2043-05-05', 7500),
('D083', 'P228', '2043-03-05', '2043-06-05', 7500),
('D083', 'P229', '2043-04-05', '2043-07-05', 7500),
('D083', 'P230', '2043-05-05', '2043-08-05', 7500),
('D084', 'P231', '2043-06-05', '2043-09-05', 7600),
('D085', 'P232', '2043-07-05', '2043-10-05', 7700),
('D085', 'P233', '2043-08-05', '2043-11-05', 7700),
('D085', 'P234', '2043-09-05', '2043-12-05', 7700),
('D085', 'P235', '2043-10-05', '2044-01-05', 7700),
('D086', 'P236', '2043-11-05', '2044-02-05', 7800),
('D086', 'P237', '2043-12-05', '2044-03-05', 7800),
('D087', 'P238', '2044-01-05', '2044-04-05', 7900),
('D087', 'P239', '2044-02-05', '2044-05-05', 7900),
('D087', 'P240', '2044-03-05', '2044-06-05', 7900),
('D087', 'P241', '2044-04-05', '2044-07-05', 7900),
('D088', 'P242', '2044-05-05', '2044-08-05', 8000),
('D089', 'P243', '2044-06-05', '2044-09-05', 8100),
('D089', 'P244', '2044-07-05', '2044-10-05', 8100),
('D089', 'P245', '2044-08-05', '2044-11-05', 8100),
('D089', 'P246', '2044-09-05', '2044-12-05', 8100),
('D090', 'P247', '2044-10-05', '2045-01-05', 8200),
('D090', 'P248', '2044-11-05', '2045-02-05', 8200),
('D091', 'P249', '2044-12-05', '2045-03-05', 8300),
('D091', 'P250', '2045-01-05', '2045-04-05', 8300);

INSERT INTO Health_Record (Doctor_id, Patient_id, Prescription, Medicine_name) VALUES
('D001', 'P001', 'Apply on affected area', 'Amoxicillin'),
('D001', 'P001', 'Take twice daily with water', 'Metformin'),
('D001', 'P001', 'Take before meals', 'Aspirin'),
('D001', 'P002', 'Apply on affected area', 'Celecoxib'),
('D001', 'P002', 'Take once daily before bedtime', 'Cetirizine'),
('D001', 'P002', 'Use inhaler as needed', 'Furosemide'),
('D001', 'P003', 'Apply topically every 4 hours', 'Bisoprolol'),
('D001', 'P003', 'Take orally with food', 'Trazodone'),
('D001', 'P003', 'Administer subcutaneously daily', 'Ezetimibe'),
('D001', 'P004', 'Use eye drops as directed', 'Atorvastatin'),
('D001', 'P004', 'Take orally before breakfast', 'Ciprofloxacin'),
('D001', 'P004', 'Apply on affected area twice daily', 'Telmisartan'),
('D002', 'P005', 'Administer intramuscularly once a week', 'Citalopram'),
('D002', 'P005', 'Use transdermal patch every 72 hours', 'Acyclovir'),
('D002', 'P005', 'Take orally as needed', 'Sitagliptin'),
('D002', 'P006', 'Use suppositories as directed', 'Fluconazole'),
('D002', 'P006', 'Take orally before meals and at bedtime', 'Guaifenesin'),
('D002', 'P006', 'Apply on affected area 3 times daily', 'Epoetin alfa'),
('D003', 'P007', 'Take orally once daily with food', 'Sumatriptan'),
('D003', 'P007', 'Use nasal spray as needed', 'Mirtazapine'),
('D003', 'P007', 'Take before meals', 'Aspirin'),
('D003', 'P008', 'Use inhaler as needed', 'Celecoxib'),
('D003', 'P008', 'Take once daily before bedtime', 'Cetirizine'),
('D003', 'P008', 'Apply on affected area', 'Furosemide'),
('D003', 'P009', 'Apply topically every 4 hours', 'Bisoprolol'),
('D003', 'P009', 'Take orally with food', 'Trazodone'),
('D003', 'P009', 'Administer subcutaneously daily', 'Ezetimibe'),
('D003', 'P010', 'Use eye drops as directed', 'Atorvastatin'),
('D003', 'P010', 'Take orally before breakfast', 'Ciprofloxacin'),
('D003', 'P010', 'Apply on affected area twice daily', 'Telmisartan'),
('D004', 'P011', 'Administer intramuscularly once a week', 'Citalopram'),
('D004', 'P011', 'Use transdermal patch every 72 hours', 'Acyclovir'),
('D004', 'P011', 'Take orally as needed', 'Sitagliptin'),
('D005', 'P012', 'Use suppositories as directed', 'Fluconazole'),
('D005', 'P012', 'Take orally before meals and at bedtime', 'Guaifenesin'),
('D005', 'P012', 'Apply on affected area 3 times daily', 'Epoetin alfa'),
('D005', 'P013', 'Take orally once daily with food', 'Sumatriptan'),
('D005', 'P013', 'Use nasal spray as needed', 'Mirtazapine'),
('D005', 'P013', 'Apply on affected area', 'Paracetamol'),
('D005', 'P014', 'Take twice daily with water', 'Amoxicillin'),
('D005', 'P014', 'Take before meals', 'Diphenhydramine'),
('D005', 'P014', 'Apply on affected area', 'Ibuprofen'),
('D005', 'P015', 'Use inhaler as needed', 'Levofloxacin'),
('D005', 'P015', 'Take once daily before bedtime', 'Dexamethasone'),
('D005', 'P015', 'Apply on affected area', 'Prednisone'),
('D006', 'P016', 'Take twice daily with water', 'Metformin'),
('D006', 'P016', 'Take before meals', 'Aspirin'),
('D006', 'P016', 'Apply on affected area', 'Furosemide'),
('D006', 'P017', 'Administer intramuscularly once a week', 'Citalopram'),
('D006', 'P017', 'Use transdermal patch every 72 hours', 'Acyclovir'),
('D006', 'P017', 'Take orally as needed', 'Sitagliptin'),
('D007', 'P018', 'Use suppositories as directed', 'Fluconazole'),
('D007', 'P018', 'Take orally before meals and at bedtime', 'Guaifenesin'),
('D007', 'P018', 'Apply on affected area 3 times daily', 'Epoetin alfa'),
('D007', 'P019', 'Take orally once daily with food', 'Sumatriptan'),
('D007', 'P019', 'Use nasal spray as needed', 'Mirtazapine'),
('D007', 'P019', 'Apply on affected area', 'Paracetamol'),
('D007', 'P020', 'Take twice daily with water', 'Amoxicillin'),
('D007', 'P020', 'Take before meals', 'Diphenhydramine'),
('D007', 'P020', 'Apply on affected area', 'Ibuprofen'),
('D007', 'P021', 'Use inhaler as needed', 'Levofloxacin'),
('D007', 'P021', 'Take once daily before bedtime', 'Dexamethasone'),
('D007', 'P021', 'Apply on affected area', 'Prednisone'),
('D008', 'P022', 'Take twice daily with water', 'Metformin'),
('D008', 'P022', 'Take before meals', 'Aspirin'),
('D008', 'P022', 'Apply on affected area', 'Furosemide'),
('D009', 'P023', 'Administer intramuscularly once a week', 'Citalopram'),
('D009', 'P023', 'Use transdermal patch every 72 hours', 'Acyclovir'),
('D009', 'P023', 'Take orally as needed', 'Sitagliptin'),
('D009', 'P024', 'Use suppositories as directed', 'Fluconazole'),
('D009', 'P024', 'Take orally before meals and at bedtime', 'Guaifenesin'),
('D009', 'P024', 'Apply on affected area 3 times daily', 'Epoetin alfa'),
('D009', 'P025', 'Take orally once daily with food', 'Sumatriptan'),
('D009', 'P025', 'Use nasal spray as needed', 'Mirtazapine'),
('D009', 'P025', 'Apply on affected area', 'Paracetamol'),
('D009', 'P026', 'Apply on affected area', 'Ciprofloxacin'),
('D009', 'P026', 'Take twice a day with food', 'Methylprednisolone'),
('D009', 'P026', 'Take before meals', 'Metformin'),
('D010', 'P027', 'Take 3 times daily after meals', 'Levothyroxine'),
('D010', 'P027', 'Take before bedtime', 'Naproxen'),
('D010', 'P027', 'Use nasal spray as directed', 'Telmisartan'),
('D010', 'P028', 'Take once daily with water', 'Prednisolone'),
('D010', 'P028', 'Take before meals', 'Simvastatin'),
('D010', 'P028', 'Use inhaler as needed', 'Ezetimibe'),
('D011', 'P029', 'Apply on affected area', 'Clozapine'),
('D011', 'P029', 'Take 3 times daily after meals', 'Guaifenesin'),
('D011', 'P029', 'Take as directed', 'Metformin'),
('D011', 'P030', 'Take twice daily with food', 'Hydroxyzine'),
('D011', 'P030', 'Use suppositories as directed', 'Ranitidine'),
('D011', 'P030', 'Apply on affected area 3 times daily', 'Ibuprofen'),
('D011', 'P031', 'Take before bedtime', 'Amoxicillin'),
('D011', 'P031', 'Take once daily with water', 'Metoprolol'),
('D011', 'P031', 'Use transdermal patch every 72 hours', 'Naproxen'),
('D011', 'P032', 'Apply on affected area', 'Paracetamol'),
('D011', 'P032', 'Take before meals', 'Dexamethasone'),
('D011', 'P032', 'Take 3 times daily after meals', 'Ciprofloxacin'),
('D012', 'P033', 'Take once daily with food', 'Metformin'),
('D012', 'P033', 'Use nasal spray as needed', 'Ezetimibe'),
('D012', 'P033', 'Apply on affected area 3 times daily', 'Methylprednisolone'),
('D013', 'P034', 'Take twice a day with water', 'Acyclovir'),
('D013', 'P034', 'Take before meals', 'Guaifenesin'),
('D013', 'P034', 'Apply on affected area', 'Ranitidine'),
('D013', 'P035', 'Take 3 times daily after meals', 'Naproxen'),
('D013', 'P035', 'Take before bedtime', 'Metformin'),
('D013', 'P035', 'Use inhaler as needed', 'Ciprofloxacin'),
('D013', 'P036', 'Take once daily with food', 'Prednisolone'),
('D013', 'P036', 'Take before meals', 'Simvastatin'),
('D013', 'P036', 'Use transdermal patch every 72 hours', 'Ezetimibe'),
('D013', 'P037', 'Apply on affected area', 'Clozapine'),
('D013', 'P037', 'Take 3 times daily after meals', 'Guaifenesin'),
('D013', 'P037', 'Take as directed', 'Metformin'),
('D014', 'P038', 'Take twice daily with food', 'Hydroxyzine'),
('D014', 'P038', 'Use suppositories as directed', 'Ranitidine'),
('D014', 'P038', 'Apply on affected area 3 times daily', 'Ibuprofen'),
('D014', 'P039', 'Take before bedtime', 'Amoxicillin'),
('D014', 'P039', 'Take once daily with water', 'Metoprolol'),
('D014', 'P039', 'Use transdermal patch every 72 hours', 'Naproxen'),
('D015', 'P040', 'Apply on affected area', 'Paracetamol'),
('D015', 'P040', 'Take before meals', 'Dexamethasone'),
('D015', 'P040', 'Take 3 times daily after meals', 'Ciprofloxacin'),
('D015', 'P041', 'Take once daily with food', 'Metformin'),
('D015', 'P041', 'Use nasal spray as needed', 'Ezetimibe'),
('D015', 'P041', 'Apply on affected area 3 times daily', 'Methylprednisolone'),
('D015', 'P042', 'Take twice a day with water', 'Acyclovir'),
('D015', 'P042', 'Take before meals', 'Guaifenesin'),
('D015', 'P042', 'Apply on affected area', 'Ranitidine'),
('D015', 'P043', 'Take 3 times daily after meals', 'Naproxen'),
('D015', 'P043', 'Take before bedtime', 'Metformin'),
('D015', 'P043', 'Use inhaler as needed', 'Ciprofloxacin'),
('D016', 'P044', 'Take once daily with food', 'Prednisolone'),
('D016', 'P044', 'Take before meals', 'Simvastatin'),
('D016', 'P044', 'Use transdermal patch every 72 hours', 'Ezetimibe'),
('D017', 'P045', 'Apply on affected area', 'Clozapine'),
('D017', 'P045', 'Take 3 times daily after meals', 'Guaifenesin'),
('D017', 'P045', 'Take as directed', 'Metformin'),
('D017', 'P046', 'Apply on affected area', 'Acetaminophen'),
('D017', 'P046', 'Take twice a day with food', 'Dexamethasone'),
('D017', 'P046', 'Take before meals', 'Metformin'),
('D017', 'P047', 'Take 3 times daily after meals', 'Levothyroxine'),
('D017', 'P047', 'Take before bedtime', 'Naproxen'),
('D017', 'P047', 'Use nasal spray as directed', 'Telmisartan'),
('D017', 'P048', 'Take once daily with water', 'Prednisolone'),
('D017', 'P048', 'Take before meals', 'Simvastatin'),
('D017', 'P048', 'Use inhaler as needed', 'Ezetimibe'),
('D018', 'P049', 'Apply on affected area', 'Clozapine'),
('D018', 'P049', 'Take 3 times daily after meals', 'Guaifenesin'),
('D018', 'P050', 'Take as directed', 'Metformin'),
('D018', 'P050', 'Take twice daily with food', 'Hydroxyzine'),
('D019', 'P051', 'Use suppositories as directed', 'Ranitidine'),
('D019', 'P051', 'Apply on affected area 3 times daily', 'Ibuprofen'),
('D019', 'P052', 'Take before bedtime', 'Amoxicillin'),
('D019', 'P052', 'Take once daily with water', 'Metoprolol'),
('D019', 'P053', 'Use transdermal patch every 72 hours', 'Naproxen'),
('D019', 'P053', 'Apply on affected area', 'Paracetamol'),
('D019', 'P054', 'Take before meals', 'Dexamethasone'),
('D019', 'P054', 'Take 3 times daily after meals', 'Ciprofloxacin'),
('D020', 'P055', 'Take once daily with food', 'Metformin'),
('D020', 'P055', 'Use nasal spray as needed', 'Ezetimibe'),
('D021', 'P056', 'Apply on affected area 3 times daily', 'Methylprednisolone'),
('D021', 'P056', 'Take twice a day with water', 'Acyclovir'),
('D021', 'P057', 'Take before meals', 'Guaifenesin'),
('D021', 'P057', 'Apply on affected area', 'Ranitidine'),
('D021', 'P058', 'Take 3 times daily after meals', 'Naproxen'),
('D021', 'P058', 'Take before bedtime', 'Metformin'),
('D021', 'P059', 'Use inhaler as needed', 'Ciprofloxacin'),
('D021', 'P059', 'Apply on affected area', 'Clozapine'),
('D022', 'P060', 'Take once daily with food', 'Prednisolone'),
('D022', 'P060', 'Take before meals', 'Simvastatin'),
('D022', 'P061', 'Use transdermal patch every 72 hours', 'Ezetimibe'),
('D022', 'P061', 'Apply on affected area', 'Paracetamol'),
('D023', 'P062', 'Take before meals', 'Dexamethasone'),
('D023', 'P062', 'Take 3 times daily after meals', 'Ciprofloxacin'),
('D023', 'P063', 'Take once daily with food', 'Metformin'),
('D023', 'P063', 'Use nasal spray as needed', 'Ezetimibe'),
('D023', 'P064', 'Apply on affected area 3 times daily', 'Methylprednisolone'),
('D023', 'P064', 'Take twice a day with water', 'Acyclovir'),
('D023', 'P065', 'Take before meals', 'Guaifenesin'),
('D023', 'P065', 'Apply on affected area', 'Ranitidine'),
('D024', 'P066', 'Apply on affected area', 'Bupropion'),
('D024', 'P066', 'Take twice a day with food', 'Risperidone'),
('D025', 'P067', 'Take before meals', 'Nifedipine'),
('D025', 'P067', 'Take 3 times daily after meals', 'Fluoxetine'),
('D025', 'P068', 'Use inhaler as needed', 'Sitagliptin'),
('D025', 'P068', 'Apply on affected area', 'Acetaminophen'),
('D025', 'P069', 'Take twice daily with food', 'Levofloxacin'),
('D025', 'P069', 'Take before bedtime', 'Sertraline'),
('D025', 'P070', 'Take once daily with water', 'Aripiprazole'),
('D025', 'P070', 'Use transdermal patch every 72 hours', 'Metformin'),
('D026', 'P071', 'Apply on affected area', 'Clozapine'),
('D026', 'P071', 'Take 3 times daily after meals', 'Guaifenesin'),
('D026', 'P072', 'Take as directed', 'Metformin'),
('D026', 'P072', 'Take before meals', 'Ciprofloxacin'),
('D027', 'P073', 'Take once daily with food', 'Prednisolone'),
('D027', 'P073', 'Take before meals', 'Simvastatin'),
('D027', 'P074', 'Use transdermal patch every 72 hours', 'Ezetimibe'),
('D027', 'P074', 'Apply on affected area', 'Clozapine'),
('D027', 'P075', 'Take 3 times daily after meals', 'Guaifenesin'),
('D027', 'P075', 'Take before bedtime', 'Metformin'),
('D027', 'P076', 'Take once daily with water', 'Naproxen'),
('D027', 'P076', 'Use inhaler as needed', 'Ciprofloxacin'),
('D028', 'P077', 'Apply on affected area', 'Paracetamol'),
('D028', 'P077', 'Take before meals', 'Dexamethasone'),
('D029', 'P078', 'Take 3 times daily after meals', 'Ciprofloxacin'),
('D029', 'P078', 'Take before bedtime', 'Amoxicillin'),
('D029', 'P079', 'Take once daily with water', 'Metoprolol'),
('D029', 'P079', 'Use transdermal patch every 72 hours', 'Naproxen'),
('D029', 'P080', 'Apply on affected area', 'Paracetamol'),
('D029', 'P080', 'Take before meals', 'Dexamethasone'),
('D029', 'P081', 'Take 3 times daily after meals', 'Ciprofloxacin'),
('D029', 'P081', 'Take before bedtime', 'Amoxicillin'),
('D030', 'P082', 'Take once daily with water', 'Metoprolol'),
('D030', 'P082', 'Use nasal spray as needed', 'Ezetimibe'),
('D030', 'P083', 'Apply on affected area', 'Paracetamol'),
('D030', 'P083', 'Take before meals', 'Dexamethasone'),
('D031', 'P084', 'Take 3 times daily after meals', 'Ciprofloxacin'),
('D031', 'P084', 'Take before bedtime', 'Amoxicillin'),
('D031', 'P085', 'Take once daily with water', 'Metoprolol'),
('D031', 'P085', 'Use transdermal patch every 72 hours', 'Naproxen'),
('D031', 'P086', 'Apply on affected area', 'Paracetamol'),
('D031', 'P086', 'Take before meals', 'Dexamethasone'),
('D031', 'P087', 'Take 3 times daily after meals', 'Ciprofloxacin'),
('D031', 'P087', 'Take before bedtime', 'Amoxicillin'),
('D032', 'P088', 'Take once daily with water', 'Metoprolol'),
('D032', 'P088', 'Use nasal spray as needed', 'Ezetimibe'),
('D033', 'P089', 'Apply on affected area', 'Paracetamol'),
('D033', 'P089', 'Take before meals', 'Dexamethasone'),
('D033', 'P090', 'Take 3 times daily after meals', 'Ciprofloxacin'),
('D033', 'P090', 'Take before bedtime', 'Amoxicillin'),
('D033', 'P091', 'Apply on affected area', 'Albuterol'),
('D033', 'P091', 'Take twice a day with food', 'Metformin'),
('D033', 'P092', 'Take before meals', 'Ciprofloxacin'),
('D033', 'P092', 'Take as directed', 'Amoxicillin'),
('D034', 'P093', 'Apply on affected area', 'Albuterol'),
('D034', 'P093', 'Take twice a day with food', 'Metformin'),
('D034', 'P094', 'Take before meals', 'Ciprofloxacin'),
('D034', 'P094', 'Take as directed', 'Amoxicillin'),
('D035', 'P095', 'Apply on affected area', 'Albuterol'),
('D035', 'P095', 'Take twice a day with food', 'Metformin'),
('D035', 'P096', 'Take before meals', 'Ciprofloxacin'),
('D035', 'P096', 'Take as directed', 'Amoxicillin'),
('D035', 'P097', 'Apply on affected area', 'Albuterol'),
('D035', 'P097', 'Take twice a day with food', 'Metformin'),
('D035', 'P098', 'Take before meals', 'Ciprofloxacin'),
('D035', 'P098', 'Take as directed', 'Amoxicillin'),
('D036', 'P099', 'Apply on affected area', 'Albuterol'),
('D036', 'P099', 'Take twice a day with food', 'Metformin'),
('D037', 'P100', 'Take before meals', 'Ciprofloxacin'),
('D037', 'P100', 'Take as directed', 'Amoxicillin'),
('D037', 'P101', 'Apply on affected area', 'Albuterol'),
('D037', 'P101', 'Take twice a day with food', 'Metformin'),
('D037', 'P102', 'Take before meals', 'Ciprofloxacin'),
('D037', 'P102', 'Take as directed', 'Amoxicillin'),
('D037', 'P103', 'Apply on affected area', 'Albuterol'),
('D037', 'P103', 'Take twice a day with food', 'Metformin'),
('D038', 'P104', 'Take before meals', 'Ciprofloxacin'),
('D038', 'P104', 'Take as directed', 'Amoxicillin'),
('D038', 'P105', 'Apply on affected area', 'Albuterol'),
('D038', 'P105', 'Take twice a day with food', 'Metformin'),
('D039', 'P106', 'Take before meals', 'Ciprofloxacin'),
('D039', 'P106', 'Take as directed', 'Amoxicillin'),
('D039', 'P107', 'Apply on affected area', 'Albuterol'),
('D039', 'P107', 'Take twice a day with food', 'Metformin'),
('D039', 'P108', 'Take before meals', 'Ciprofloxacin'),
('D039', 'P108', 'Take as directed', 'Amoxicillin'),
('D039', 'P109', 'Apply on affected area', 'Albuterol'),
('D039', 'P109', 'Take twice a day with food', 'Metformin'),
('D040', 'P110', 'Take before meals', 'Ciprofloxacin'),
('D040', 'P110', 'Take as directed', 'Amoxicillin'),
('D041', 'P111', 'Apply on affected area', 'Albuterol'),
('D041', 'P111', 'Take twice a day with food', 'Metformin'),
('D041', 'P112', 'Take before meals', 'Ciprofloxacin'),
('D041', 'P112', 'Take as directed', 'Amoxicillin'),
('D041', 'P113', 'Apply on affected area', 'Albuterol'),
('D041', 'P113', 'Take twice a day with food', 'Metformin'),
('D041', 'P114', 'Take before meals', 'Ciprofloxacin'),
('D041', 'P114', 'Take as directed', 'Amoxicillin'),
('D042', 'P115', 'Apply on affected area', 'Albuterol'),
('D042', 'P115', 'Take twice a day with food', 'Metformin'),
('D042', 'P116', 'Take before meals', 'Ciprofloxacin'),
('D042', 'P116', 'Take as directed', 'Amoxicillin'),
('D043', 'P117', 'Apply on affected area', 'Albuterol'),
('D043', 'P117', 'Take twice a day with food', 'Metformin'),
('D043', 'P118', 'Take before meals', 'Ciprofloxacin'),
('D043', 'P118', 'Take as directed', 'Amoxicillin'),
('D043', 'P119', 'Apply on affected area', 'Albuterol'),
('D043', 'P119', 'Take twice a day with food', 'Metformin'),
('D043', 'P120', 'Take before meals', 'Ciprofloxacin'),
('D043', 'P120', 'Take as directed', 'Amoxicillin'),
('D044', 'P121', 'Apply on affected area', 'Albuterol'),
('D044', 'P121', 'Take twice a day with food', 'Metformin'),
('D045', 'P122', 'Take before meals', 'Ciprofloxacin'),
('D045', 'P122', 'Take as directed', 'Amoxicillin'),
('D045', 'P123', 'Apply on affected area', 'Albuterol'),
('D045', 'P123', 'Take twice a day with food', 'Metformin'),
('D045', 'P124', 'Take before meals', 'Ciprofloxacin'),
('D045', 'P124', 'Take as directed', 'Amoxicillin'),
('D045', 'P125', 'Apply on affected area', 'Albuterol'),
('D045', 'P125', 'Take twice a day with food', 'Metformin'),
('D046', 'P126', 'Take before meals', 'Ciprofloxacin'),
('D046', 'P126', 'Take as directed', 'Amoxicillin'),
('D046', 'P127', 'Apply on affected area', 'Albuterol'),
('D046', 'P127', 'Take twice a day with food', 'Metformin'),
('D047', 'P128', 'Take before meals', 'Ciprofloxacin'),
('D047', 'P128', 'Take as directed', 'Amoxicillin'),
('D047', 'P129', 'Apply on affected area', 'Albuterol'),
('D047', 'P129', 'Take twice a day with food', 'Metformin'),
('D047', 'P130', 'Take before meals', 'Ciprofloxacin'),
('D047', 'P130', 'Take as directed', 'Amoxicillin'),
('D047', 'P131', 'Apply on affected area', 'Albuterol'),
('D047', 'P131', 'Take twice a day with food', 'Metformin'),
('D048', 'P132', 'Take before meals', 'Ciprofloxacin'),
('D048', 'P132', 'Take as directed', 'Amoxicillin'),
('D049', 'P133', 'Apply on affected area', 'Albuterol'),
('D049', 'P133', 'Take twice a day with food', 'Metformin'),
('D049', 'P134', 'Take before meals', 'Ciprofloxacin'),
('D049', 'P134', 'Take as directed', 'Amoxicillin'),
('D049', 'P135', 'Apply on affected area', 'Albuterol'),
('D049', 'P135', 'Take twice a day with food', 'Metformin'),
('D049', 'P136', 'Take before meals', 'Ciprofloxacin'),
('D049', 'P136', 'Take as directed', 'Amoxicillin'),
('D050', 'P137', 'Apply on affected area', 'Albuterol'),
('D050', 'P137', 'Take twice a day with food', 'Metformin'),
('D050', 'P138', 'Take before meals', 'Ciprofloxacin'),
('D050', 'P138', 'Take as directed', 'Amoxicillin'),
('D051', 'P139', 'Take twice a day with food', 'Acyclovir'),
('D051', 'P139', 'Apply on affected area', 'Guaifenesin'),
('D051', 'P140', 'Take before meals', 'Amoxicillin'),
('D051', 'P140', 'Take as directed', 'Metformin'),
('D051', 'P141', 'Use inhaler as needed', 'Prednisolone'),
('D051', 'P141', 'Take before bedtime', 'Simvastatin'),
('D051', 'P142', 'Take once daily with water', 'Ezetimibe'),
('D051', 'P142', 'Use transdermal patch every 72 hours', 'Methylprednisolone'),
('D052', 'P143', 'Apply on affected area', 'Clozapine'),
('D052', 'P143', 'Take 3 times daily after meals', 'Guaifenesin'),
('D053', 'P144', 'Take as directed', 'Metformin'),
('D053', 'P144', 'Take twice a day with water', 'Acyclovir'),
('D053', 'P145', 'Apply on affected area', 'Paracetamol'),
('D053', 'P145', 'Take before meals', 'Dexamethasone'),
('D053', 'P146', 'Take 3 times daily after meals', 'Ciprofloxacin'),
('D053', 'P146', 'Take before bedtime', 'Amoxicillin'),
('D053', 'P147', 'Take once daily with food', 'Metformin'),
('D053', 'P147', 'Use nasal spray as needed', 'Ezetimibe'),
('D054', 'P148', 'Apply on affected area', 'Methylprednisolone'),
('D054', 'P148', 'Take twice a day with food', 'Hydroxyzine'),
('D054', 'P149', 'Use suppositories as directed', 'Ranitidine'),
('D054', 'P149', 'Apply on affected area 3 times daily', 'Ibuprofen'),
('D055', 'P150', 'Take before bedtime', 'Amoxicillin'),
('D055', 'P150', 'Take once daily with water', 'Metoprolol'),
('D055', 'P151', 'Use transdermal patch every 72 hours', 'Naproxen'),
('D055', 'P151', 'Apply on affected area', 'Paracetamol'),
('D055', 'P152', 'Take before meals', 'Dexamethasone'),
('D055', 'P152', 'Take 3 times daily after meals', 'Ciprofloxacin'),
('D055', 'P153', 'Take once daily with food', 'Metformin'),
('D055', 'P153', 'Use nasal spray as needed', 'Ezetimibe'),
('D056', 'P154', 'Apply on affected area', 'Methylprednisolone'),
('D056', 'P154', 'Take twice a day with food', 'Hydroxyzine'),
('D057', 'P155', 'Use suppositories as directed', 'Ranitidine'),
('D057', 'P155', 'Apply on affected area 3 times daily', 'Ibuprofen'),
('D057', 'P156', 'Take before bedtime', 'Amoxicillin'),
('D057', 'P156', 'Take once daily with water', 'Metoprolol'),
('D057', 'P157', 'Use transdermal patch every 72 hours', 'Naproxen'),
('D057', 'P157', 'Apply on affected area', 'Paracetamol'),
('D057', 'P158', 'Take before meals', 'Dexamethasone'),
('D057', 'P158', 'Take 3 times daily after meals', 'Ciprofloxacin'),
('D058', 'P159', 'Take once daily with food', 'Metformin'),
('D058', 'P159', 'Use nasal spray as needed', 'Ezetimibe'),
('D058', 'P160', 'Apply on affected area', 'Methylprednisolone'),
('D058', 'P160', 'Take twice a day with food', 'Hydroxyzine'),
('D059', 'P161', 'Use suppositories as directed', 'Ranitidine'),
('D059', 'P161', 'Apply on affected area 3 times daily', 'Ibuprofen'),
('D059', 'P162', 'Take before bedtime', 'Amoxicillin'),
('D059', 'P162', 'Take once daily with water', 'Metoprolol'),
('D059', 'P163', 'Use transdermal patch every 72 hours', 'Naproxen'),
('D059', 'P163', 'Apply on affected area', 'Paracetamol'),
('D059', 'P164', 'Take before meals', 'Dexamethasone'),
('D059', 'P164', 'Take 3 times daily after meals', 'Ciprofloxacin'),
('D060', 'P165', 'Take once daily with food', 'Metformin'),
('D060', 'P165', 'Use nasal spray as needed', 'Ezetimibe'),
('D061', 'P166', 'Apply on affected area', 'Methylprednisolone'),
('D061', 'P166', 'Take twice a day with food', 'Hydroxyzine'),
('D061', 'P167', 'Use suppositories as directed', 'Ranitidine'),
('D061', 'P167', 'Apply on affected area 3 times daily', 'Ibuprofen'),
('D061', 'P168', 'Take before bedtime', 'Amoxicillin'),
('D061', 'P168', 'Take once daily with water', 'Metoprolol'),
('D061', 'P169', 'Use transdermal patch every 72 hours', 'Naproxen'),
('D061', 'P169', 'Apply on affected area', 'Paracetamol'),
('D062', 'P170', 'Take before meals', 'Dexamethasone'),
('D062', 'P170', 'Take 3 times daily after meals', 'Ciprofloxacin'),
('D062', 'P171', 'Take once daily with food', 'Metformin'),
('D062', 'P171', 'Use nasal spray as needed', 'Ezetimibe'),
('D063', 'P172', 'Apply on affected area', 'Methylprednisolone'),
('D063', 'P172', 'Take twice a day with food', 'Hydroxyzine'),
('D063', 'P173', 'Use suppositories as directed', 'Ranitidine'),
('D063', 'P173', 'Apply on affected area 3 times daily', 'Ibuprofen'),
('D063', 'P174', 'Take before bedtime', 'Amoxicillin'),
('D063', 'P174', 'Take once daily with water', 'Metoprolol'),
('D063', 'P175', 'Use transdermal patch every 72 hours', 'Naproxen'),
('D063', 'P175', 'Apply on affected area', 'Paracetamol'),
('D064', 'P176', 'Take before meals', 'Dexamethasone'),
('D064', 'P176', 'Take 3 times daily after meals', 'Ciprofloxacin'),
('D065', 'P177', 'Take once daily with food', 'Metformin'),
('D065', 'P177', 'Use nasal spray as needed', 'Ezetimibe'),
('D065', 'P178', 'Apply on affected area', 'Methylprednisolone'),
('D065', 'P178', 'Take twice a day with food', 'Hydroxyzine'),
('D065', 'P179', 'Use suppositories as directed', 'Ranitidine'),
('D065', 'P179', 'Apply on affected area 3 times daily', 'Ibuprofen'),
('D065', 'P180', 'Take before bedtime', 'Amoxicillin'),
('D065', 'P180', 'Take once daily with water', 'Metoprolol'),
('D066', 'P181', 'Use transdermal patch every 72 hours', 'Naproxen'),
('D066', 'P181', 'Apply on affected area', 'Paracetamol'),
('D066', 'P182', 'Take before meals', 'Dexamethasone'),
('D066', 'P182', 'Take 3 times daily after meals', 'Ciprofloxacin'),
('D067', 'P183', 'Take once daily with food', 'Metformin'),
('D067', 'P183', 'Use nasal spray as needed', 'Ezetimibe'),
('D067', 'P184', 'Apply on affected area', 'Methylprednisolone'),
('D067', 'P184', 'Take twice a day with food', 'Hydroxyzine'),
('D067', 'P185', 'Use suppositories as directed', 'Ranitidine'),
('D067', 'P185', 'Apply on affected area 3 times daily', 'Ibuprofen'),
('D067', 'P186', 'Take before bedtime', 'Amoxicillin'),
('D067', 'P186', 'Take once daily with water', 'Metoprolol'),
('D068', 'P187', 'Use transdermal patch every 72 hours', 'Naproxen'),
('D068', 'P187', 'Apply on affected area', 'Paracetamol'),
('D069', 'P188', 'Take before meals', 'Dexamethasone'),
('D069', 'P188', 'Take 3 times daily after meals', 'Ciprofloxacin'),
('D069', 'P189', 'Take once daily with food', 'Metformin'),
('D069', 'P189', 'Use nasal spray as needed', 'Ezetimibe'),
('D069', 'P190', 'Apply on affected area', 'Methylprednisolone'),
('D069', 'P190', 'Take twice a day with food', 'Hydroxyzine'),
('D069', 'P191', 'Use suppositories as directed', 'Ranitidine'),
('D069', 'P191', 'Apply on affected area 3 times daily', 'Ibuprofen'),
('D070', 'P192', 'Take before bedtime', 'Amoxicillin'),
('D070', 'P192', 'Take once daily with water', 'Metoprolol'),
('D070', 'P193', 'Take twice a day', 'Metformin'),
('D070', 'P193', 'Apply on affected area', 'Ezetimibe'),
('D071', 'P194', 'Take before meals', 'Methylprednisolone'),
('D071', 'P194', 'Use inhaler as needed', 'Ranitidine'),
('D071', 'P195', 'Take 3 times daily after meals', 'Levothyroxine'),
('D071', 'P195', 'Take before bedtime', 'Ciprofloxacin'),
('D071', 'P196', 'Take once daily with food', 'Acyclovir'),
('D071', 'P196', 'Use transdermal patch every 72 hours', 'Guaifenesin'),
('D071', 'P197', 'Apply on affected area', 'Naproxen'),
('D071', 'P197', 'Take as directed', 'Metformin'),
('D072', 'P198', 'Take twice a day with water', 'Clozapine'),
('D072', 'P198', 'Apply on affected area', 'Ibuprofen'),
('D073', 'P199', 'Take before meals', 'Paracetamol'),
('D073', 'P199', 'Take 3 times daily after meals', 'Dexamethasone'),
('D073', 'P200', 'Take before bedtime', 'Loratadine'),
('D073', 'P200', 'Use nasal spray as needed', 'Simvastatin'),
('D073', 'P201', 'Take once daily with water', 'Prednisone'),
('D073', 'P201', 'Take before meals', 'Metformin'),
('D073', 'P202', 'Take twice daily with food', 'Hydroxyzine'),
('D073', 'P202', 'Use suppositories as directed', 'Ranitidine'),
('D074', 'P203', 'Apply on affected area', 'Methylprednisolone'),
('D074', 'P203', 'Take 3 times daily after meals', 'Guaifenesin'),
('D074', 'P204', 'Take as directed', 'Metformin'),
('D074', 'P204', 'Take before bedtime', 'Acyclovir'),
('D075', 'P205', 'Take once daily with water', 'Clozapine'),
('D075', 'P205', 'Apply on affected area', 'Naproxen'),
('D075', 'P206', 'Take before meals', 'Paracetamol'),
('D075', 'P206', 'Use inhaler as needed', 'Dexamethasone'),
('D075', 'P207', 'Take 3 times daily after meals', 'Loratadine'),
('D075', 'P207', 'Take before bedtime', 'Simvastatin'),
('D075', 'P208', 'Take once daily with water', 'Prednisone'),
('D075', 'P208', 'Take before meals', 'Metformin'),
('D076', 'P209', 'Take twice daily with food', 'Hydroxyzine'),
('D076', 'P209', 'Use suppositories as directed', 'Ranitidine'),
('D077', 'P210', 'Apply on affected area', 'Methylprednisolone'),
('D077', 'P210', 'Take 3 times daily after meals', 'Guaifenesin'),
('D077', 'P211', 'Take as directed', 'Metformin'),
('D077', 'P211', 'Take before bedtime', 'Acyclovir'),
('D077', 'P212', 'Take once daily with water', 'Clozapine'),
('D077', 'P212', 'Apply on affected area', 'Naproxen'),
('D077', 'P213', 'Take before meals', 'Paracetamol'),
('D077', 'P213', 'Use inhaler as needed', 'Dexamethasone'),
('D078', 'P214', 'Take 3 times daily after meals', 'Loratadine'),
('D078', 'P214', 'Take before bedtime', 'Simvastatin'),
('D078', 'P215', 'Take once daily with water', 'Prednisone'),
('D078', 'P215', 'Take before meals', 'Metformin'),
('D079', 'P216', 'Take twice daily with food', 'Hydroxyzine'),
('D079', 'P216', 'Use suppositories as directed', 'Ranitidine'),
('D079', 'P217', 'Apply on affected area', 'Methylprednisolone'),
('D079', 'P217', 'Take 3 times daily after meals', 'Guaifenesin'),
('D079', 'P218', 'Take as directed', 'Metformin'),
('D079', 'P218', 'Take before bedtime', 'Acyclovir'),
('D079', 'P219', 'Take once daily with water', 'Clozapine'),
('D079', 'P219', 'Apply on affected area', 'Naproxen'),
('D080', 'P220', 'Take before meals', 'Paracetamol'),
('D080', 'P220', 'Use inhaler as needed', 'Dexamethasone'),
('D081', 'P221', 'Take twice daily with food', 'Paracetamol'),
('D081', 'P222', 'Take once daily with water', 'Amoxicillin'),
('D081', 'P223', 'Take before meals', 'Aspirin'),
('D081', 'P224', 'Use inhaler as needed', 'Ibuprofen'),
('D082', 'P225', 'Take 3 times daily after meals', 'Omeprazole'),
('D082', 'P226', 'Take before bedtime', 'Diphenhydramine'),
('D083', 'P227', 'Take twice a day', 'Loratadine'),
('D083', 'P228', 'Apply on affected area', 'Ranitidine'),
('D083', 'P229', 'Take before meals', 'Ciprofloxacin'),
('D083', 'P230', 'Take twice a day', 'Paracetamol'),
('D084', 'P231', 'Apply on affected area', 'Amoxicillin'),
('D085', 'P232', 'Take before meals', 'Aspirin'),
('D085', 'P233', 'Take twice daily with food', 'Ibuprofen'),
('D085', 'P234', 'Take once daily with water', 'Omeprazole'),
('D085', 'P235', 'Take 3 times daily after meals', 'Diphenhydramine'),
('D086', 'P236', 'Take before bedtime', 'Loratadine'),
('D086', 'P237', 'Take twice a day', 'Ranitidine'),
('D087', 'P238', 'Take before meals', 'Ciprofloxacin'),
('D087', 'P239', 'Take twice a day', 'Paracetamol'),
('D087', 'P240', 'Apply on affected area', 'Amoxicillin'),
('D087', 'P241', 'Take before meals', 'Aspirin'),
('D088', 'P242', 'Use inhaler as needed', 'Ibuprofen'),
('D089', 'P243', 'Take 3 times daily after meals', 'Omeprazole'),
('D089', 'P244', 'Take before bedtime', 'Diphenhydramine'),
('D089', 'P245', 'Take twice a day', 'Loratadine'),
('D089', 'P246', 'Apply on affected area', 'Ranitidine'),
('D090', 'P247', 'Take before meals', 'Ciprofloxacin'),
('D090', 'P248', 'Take twice daily with food', 'Paracetamol'),
('D091', 'P249', 'Take once daily with water', 'Amoxicillin'),
('D091', 'P250', 'Take before meals', 'Aspirin');



INSERT INTO Staff (Staff_id, Gender, "Name", Age) VALUES

(101, 'M', 'Aarav', 35),
(102, 'F', 'Aditi', 28),
(103, 'M', 'Arjun', 40),
(104, 'F', 'Aishwarya', 32),
(105, 'M', 'Bhuvan', 25),
(106, 'F', 'Chitra', 29),
(107, 'M', 'Dhruv', 45),
(108, 'F', 'Deepika', 37),
(109, 'M', 'Aarav', 33),
(110, 'F', 'Fatima', 26),
(111, 'M', 'Girish', 30),
(112, 'F', 'Geeta', 31),
(113, 'M', 'Hari', 39),
(114, 'F', 'Geeta', 34),
(115, 'M', 'Arjun', 27),
(116, 'F', 'Jaya', 36),
(117, 'M', 'Kartik', 38),
(118, 'F', 'Aishwarya', 29),
(119, 'M', 'Lakshya', 31),
(120, 'F', 'Bhuvan', 30),
(121, 'M', 'Manish', 34),
    (122, 'F', 'Chitra', 27),
    (123, 'M', 'Nikhil', 42),
    (124, 'F', 'Deepika', 33),
    (125, 'M', 'Prateek', 29),
    (126, 'F', 'Kavita', 31),
    (127, 'M', 'Rahul', 37),
    (128, 'F', 'Aditi', 28),
    (129, 'M', 'Alok', 35),
    (130, 'F', 'Fatima', 26),
    (131, 'M', 'Vishal', 39),
    (132, 'F', 'Pooja', 30),
    (133, 'M', 'Rohit', 32),
    (134, 'F', 'Sneha', 29),
    (135, 'M', 'Amit', 36),
    (136, 'F', 'Anita', 32),
    (137, 'M', 'Kiran', 41),
    (138, 'F', 'Swati', 28),
    (139, 'M', 'Ravi', 38),
    (140, 'F', 'Smita', 33),
    (141, 'M', 'Anil', 30),
    (142, 'F', 'Preeti', 35),
    (143, 'M', 'Aryan', 29),
    (144, 'F', 'Ritu', 31),
    (145, 'M', 'Saurabh', 40),
    (146, 'F', 'Divya', 34),
    (147, 'M', 'Vivek', 37),
    (148, 'F', 'Tanvi', 30),
    (149, 'M', 'Rajesh', 33),
    (150, 'F', 'Neha', 28),
    (151, 'M', 'Akash', 31),
    (152, 'F', 'Kirti', 29),
    (153, 'M', 'Gaurav', 36),
    (154, 'F', 'Meera', 32),
    (155, 'M', 'Siddharth', 39),
    (156, 'F', 'Anjali', 27),
    (157, 'M', 'Amitabh', 34),
    (158, 'F', 'Poonam', 30),
    (159, 'M', 'Kunal', 28),
    (160, 'F', 'Jyoti', 33),
    (161, 'M', 'Rajiv', 35),
    (162, 'F', 'Rashi', 31),
    (163, 'M', 'Arun', 36),
    (164, 'F', 'Shikha', 29),
    (165, 'M', 'Harish', 30),
    (166, 'F', 'Nisha', 32),
    (167, 'M', 'Ravi', 38),
    (168, 'F', 'Vidya', 27),
    (169, 'M', 'Sanjay', 33),
    (170, 'F', 'Pallavi', 31),
    (171, 'M', 'Rohan', 29),
    (172, 'F', 'Kiran', 34),
    (173, 'M', 'Rajendra', 40),
    (174, 'F', 'Ananya', 28),
    (175, 'M', 'Santosh', 37),
    (176, 'F', 'Shalini', 30),
    (177, 'M', 'Yogesh', 32),
    (178, 'F', 'Nidhi', 33),
    (179, 'M', 'Manoj', 35),
    (180, 'F', 'Pooja', 29),
    (181, 'M', 'Avinash', 39),
    (182, 'F', 'Mamta', 31),
    (183, 'M', 'Rajat', 30),
    (184, 'F', 'Anju', 28),
    (185, 'M', 'Satish', 34),
    (186, 'F', 'Sarika', 32),
    (187, 'M', 'Mausam', 37),
    (188, 'F', 'Mausam', 37),
    (189, 'M', 'Rakesh', 36),
    (190, 'F', 'Ankita', 31),
    (191, 'M', 'Prakash', 33),
    (192, 'F', 'Priti', 28),
    (193, 'M', 'Ajit', 35),
    (194, 'F', 'Shweta', 30),
    (195, 'M', 'Prashant', 38),
    (196, 'F', 'Anushka', 27),
    (197, 'M', 'Vikas', 32),
    (198, 'F', 'Shilpa', 33),
    (199, 'M', 'Sunil', 34),
    (200, 'M', 'Rajni', 29),
    (201, 'M', 'Ashish', 36),
    (202, 'F', 'Sapna', 31),
    (203, 'M', 'Rajni', 29),
    (204, 'F', 'Mansi', 28),
    (205, 'M', 'Naveen', 35),
    (206, 'F', 'Kamini', 32),
    (207, 'M', 'Rajesh', 37),
    (208, 'F', 'Veena', 30),
    (209, 'M', 'Nitin', 33),
    (210, 'F', 'Poonam', 29),
    (211, 'M', 'Anup', 31),
    (212, 'F', 'Sangeeta', 28),
    (213, 'M', 'Vishwas', 34),
    (214, 'F', 'Juhi', 33),
    (215, 'M', 'Alok', 36),
    (216, 'F', 'Juhi', 33),
    (217, 'M', 'Rajiv', 35),
    (218, 'F', 'Renu', 30),
    (219, 'M', 'Anand', 38),
    (220, 'F', 'Sheetal', 31),
    (221, 'M', 'Raghav', 32),
    (222, 'F', 'Priyanka', 28),
    (223, 'M', 'Vijay', 36),
    (224, 'F', 'Suman', 29),
    (225, 'M', 'Arun', 34),
    (226, 'F', 'Juhi', 30),
    (227, 'M', 'Sanjay', 33),
    (228, 'F', 'Sunita', 31),
    (229, 'M', 'Ajay', 35),
    (230, 'F', 'Preeti', 27),
    (231, 'M', 'Akash', 30),
    (232, 'F', 'Kavita', 32),
    (233, 'M', 'Rajendra', 37),
    (234, 'F', 'Rajni', 29),
    (235, 'M', 'Vikas', 34),
    (236, 'F', 'Ruchi', 31),
    (237, 'M', 'Praveen', 36),
    (238, 'F', 'Ritu', 28),
    (239, 'M', 'Amit', 33),
    (240, 'F', 'Sneha', 30),
    (241, 'M', 'Rohit', 35),
    (242, 'F', 'Anita', 27),
    (243, 'M', 'Aryan', 31),
    (244, 'F', 'Pooja', 32),
    (245, 'M', 'Saurabh', 34),
    (246, 'F', 'Divya', 29),
    (247, 'M', 'Vivek', 36),
    (248, 'F', 'Tanvi', 30),
    (249, 'M', 'Vivek', 33),
    (250, 'F', 'Neha', 28);
	
INSERT INTO Patient_visit (Visit_date, Patient_id, Next_visit_date) VALUES

('2024-03-20', 'P001', '2024-04-15'),
('2024-03-21', 'P002', '2024-04-18'),
('2024-03-22', 'P003', '2024-04-20'),
('2024-03-20', 'P004', '2024-04-22'),
('2024-03-24', 'P005', '2024-04-25'),
('2024-03-25', 'P006', '2024-04-28'),
('2024-03-26', 'P007', '2024-05-01'),
('2024-03-20', 'P008', '2024-05-04'),
('2024-03-28', 'P009', '2024-05-06'),
('2024-03-29', 'P010', '2024-05-08'),
('2024-03-30', 'P011', '2024-05-10'),
('2024-04-01', 'P012', '2024-05-12'),
('2024-03-20', 'P013', '2024-05-14'),
('2024-04-03', 'P014', '2024-05-16'),
('2024-04-04', 'P015', '2024-05-18'),
('2024-04-05', 'P016', '2024-05-20'),
('2024-04-06', 'P017', '2024-05-22'),
('2024-03-20', 'P018', '2024-05-24'),
('2024-03-20', 'P019', '2024-05-26'),
('2024-04-09', 'P020', '2024-05-28'),
('2024-04-10', 'P021', '2024-05-30'),
('2024-04-11', 'P022', '2024-06-01'),
('2024-04-12', 'P023', '2024-06-03'),
('2024-03-20', 'P024', '2024-06-05'),
('2024-03-20', 'P025', '2024-06-07'),
('2024-04-15', 'P026', '2024-06-09'),
('2024-04-16', 'P027', '2024-06-11'),
('2024-04-17', 'P028', '2024-06-13'),
('2024-03-20', 'P029', '2024-06-15'),
('2024-04-19', 'P030', '2024-06-17'),
('2024-04-20', 'P031', '2024-06-19'),
('2024-04-21', 'P032', '2024-06-21'),
('2024-04-22', 'P033', '2024-06-23'),
('2024-04-23', 'P034', '2024-06-25'),
('2024-04-24', 'P035', '2024-06-27'),
('2024-04-25', 'P036', '2024-06-29'),
('2024-04-26', 'P037', '2024-07-01'),
('2024-04-27', 'P038', '2024-07-03'),
('2024-04-28', 'P039', '2024-07-05'),
('2024-04-29', 'P040', '2024-07-07'),
('2024-04-30', 'P041', '2024-07-09'),
('2024-05-01', 'P042', '2024-07-11'),
('2024-05-02', 'P043', '2024-07-13'),
('2024-05-03', 'P044', '2024-07-15'),
('2024-03-28', 'P045', '2024-07-17'),
('2024-05-05', 'P046', '2024-07-19'),
('2024-05-06', 'P047', '2024-07-21'),
('2024-03-28', 'P048', '2024-07-23'),
('2024-05-08', 'P049', '2024-07-25'),
('2024-05-09', 'P050', '2024-07-27'),
('2024-05-10', 'P051', '2024-07-29'),
('2024-03-28', 'P052', '2024-07-31'),
('2024-05-12', 'P053', '2024-08-02'),
('2024-03-28', 'P054', '2024-08-04'),
('2024-05-14', 'P055', '2024-08-06'),
('2024-03-28', 'P056', '2024-07-31'),
('2024-05-16', 'P057', '2024-08-10'),
('2024-05-17', 'P058', '2024-08-12'),
('2024-05-18', 'P059', '2024-08-14'),
('2024-05-19', 'P060', '2024-07-31'),
('2024-05-20', 'P061', '2024-08-18'),
('2024-05-21', 'P062', '2024-08-20'),
('2024-05-22', 'P063', '2024-08-22'),
('2024-05-23', 'P064', '2024-07-31'),
('2024-05-24', 'P065', '2024-07-31'),
('2024-05-25', 'P066', '2024-08-28'),
('2024-03-28', 'P067', '2024-08-30'),
('2024-05-27', 'P068', '2024-09-01'),
('2024-03-28', 'P069', '2024-07-31'),
('2024-03-28', 'P070', '2024-09-05'),
('2024-05-30', 'P071', '2024-07-31'),
('2024-06-01', 'P072', '2024-09-09'),
('2024-06-02', 'P073', '2024-09-11'),
('2024-06-03', 'P074', '2024-09-13'),
('2024-03-28', 'P075', '2024-07-31'),
('2024-06-05', 'P076', '2024-09-17'),
('2024-06-06', 'P077', '2024-09-19'),
('2024-06-07', 'P078', '2024-09-21'),
('2024-06-08', 'P079', '2024-09-23'),
('2024-06-09', 'P080', '2024-09-25'),
('2024-07-01', 'P081', '2024-07-31'),
('2024-07-02', 'P082', '2024-09-30'),
('2024-07-03', 'P083', '2024-10-02'),
('2024-07-04', 'P084', '2024-10-04'),
('2024-07-05', 'P085', '2024-07-31'),
('2024-07-06', 'P086', '2024-10-08'),
('2024-07-07', 'P087', '2024-10-10'),
('2024-07-08', 'P088', '2024-07-31'),
('2024-07-09', 'P089', '2024-10-14'),
('2024-07-10', 'P090', '2024-10-16'),
('2024-07-11', 'P091', '2024-10-18'),
('2024-07-12', 'P092', '2024-10-20'),
('2024-07-13', 'P093', '2024-10-22'),
('2024-07-14', 'P094', '2024-10-24'),
('2024-07-15', 'P095', '2024-10-26'),
('2024-07-16', 'P096', '2024-10-28'),
('2024-07-17', 'P097', '2024-10-30'),
('2024-07-18', 'P098', '2024-11-01'),
('2024-07-19', 'P099', '2024-11-03'),
('2024-07-20', 'P100', '2024-11-05'),
('2024-07-21', 'P101', '2024-11-07'),
('2024-07-22', 'P102', '2024-11-09'),
('2024-07-23', 'P103', '2024-11-11'),
('2024-07-24', 'P104', '2024-11-13'),
('2024-07-25', 'P105', '2024-11-03'),
('2024-07-26', 'P106', '2024-11-17'),
('2024-07-27', 'P107', '2024-11-19'),
('2024-07-28', 'P108', '2024-11-21'),
('2024-07-29', 'P109', '2024-11-23'),
('2024-07-30', 'P110', '2024-11-03'),
('2024-07-31', 'P111', '2024-11-27'),
('2024-08-01', 'P112', '2024-11-03'),
('2024-08-02', 'P113', '2024-12-01'),
('2024-08-03', 'P114', '2024-12-03'),
('2024-08-04', 'P115', '2024-12-05'),
('2024-08-05', 'P116', '2024-12-07'),
('2024-08-06', 'P117', '2024-12-09'),
('2024-08-07', 'P118', '2024-12-11'),
('2024-08-08', 'P119', '2024-12-13'),
('2024-08-09', 'P120', '2024-12-15'),
('2024-08-10', 'P121', '2024-12-17'),
('2024-08-11', 'P122', '2024-12-19'),
('2024-08-12', 'P123', '2024-12-21'),
('2024-08-13', 'P124', '2024-12-23'),
('2024-08-14', 'P125', '2024-12-25'),
('2024-08-15', 'P126', '2024-11-03'),
('2024-08-16', 'P127', '2024-12-29'),
('2024-08-17', 'P128', '2024-11-03'),
('2024-08-18', 'P129', '2025-01-04'),
('2024-08-19', 'P130', '2025-01-06'),
('2024-08-20', 'P131', '2025-01-08'),
('2024-08-21', 'P132', '2025-01-10'),
('2024-08-22', 'P133', '2025-01-12'),
('2024-08-23', 'P134', '2025-01-14'),
('2024-08-24', 'P135', '2025-01-16'),
('2024-08-25', 'P136', '2025-01-18'),
('2024-08-26', 'P137', '2025-01-20'),
('2024-08-27', 'P138', '2025-01-22'),
('2024-08-28', 'P139', '2025-01-24'),
('2024-08-29', 'P140', '2025-01-26'),
('2024-09-02', 'P141', '2025-01-28'),
('2024-09-03', 'P142', '2025-01-30'),
('2024-09-04', 'P143', '2025-02-01'),
('2024-09-05', 'P144', '2025-02-03'),
('2024-09-06', 'P145', '2025-02-05'),
('2024-09-07', 'P146', '2025-02-07'),
('2024-09-08', 'P147', '2025-02-09'),
('2024-09-09', 'P148', '2025-02-11'),
('2024-09-10', 'P149', '2025-02-13'),
('2024-09-11', 'P150', '2025-02-15'),
('2024-09-12', 'P151', '2025-02-17'),
('2024-09-13', 'P152', '2025-02-19'),
('2024-09-14', 'P153', '2025-02-21'),
('2024-09-15', 'P154', '2025-02-23'),
('2024-09-16', 'P155', '2025-02-25'),
('2024-09-17', 'P156', '2025-02-27'),
('2024-09-18', 'P157', '2025-03-01'),
('2024-09-19', 'P158', '2025-03-03'),
('2024-09-20', 'P159', '2025-03-05'),
('2024-09-21', 'P160', '2025-03-07'),
('2024-09-22', 'P161', '2025-03-09'),
('2024-09-23', 'P162', '2025-03-11'),
('2024-09-24', 'P163', '2025-03-13'),
('2024-09-25', 'P164', '2025-03-15'),
('2024-09-26', 'P165', '2025-03-17'),
('2024-09-27', 'P166', '2025-03-19'),
('2024-09-28', 'P167', '2025-03-21'),
('2024-09-29', 'P168', '2025-03-23'),
('2024-09-30', 'P169', '2025-03-25'),
('2024-10-01', 'P170', '2025-03-27'),
('2024-10-02', 'P171', '2025-03-29'),
('2024-10-03', 'P172', '2025-03-31'),
('2024-10-04', 'P173', '2025-04-02'),
('2024-10-05', 'P174', '2025-04-04'),
('2024-10-06', 'P175', '2025-04-06'),
('2024-10-07', 'P176', '2025-04-08'),
('2024-10-08', 'P177', '2025-04-10'),
('2024-10-09', 'P178', '2025-04-12'),
('2024-10-10', 'P179', '2025-04-14'),
('2024-10-11', 'P180', '2025-04-16'),
('2024-10-12', 'P181', '2025-04-18'),
('2024-10-13', 'P182', '2025-04-20'),
('2024-10-14', 'P183', '2025-04-22'),
('2024-10-15', 'P184', '2025-04-24'),
('2024-10-16', 'P185', '2025-04-26'),
('2024-10-17', 'P186', '2025-04-28'),
('2024-10-18', 'P187', '2025-04-30'),
('2024-10-19', 'P188', '2025-05-02'),
('2024-10-20', 'P189', '2025-05-04'),
('2024-10-21', 'P190', '2025-05-06'),
('2024-10-22', 'P191', '2025-05-08'),
('2024-10-23', 'P192', '2025-05-10'),
('2024-10-24', 'P193', '2025-05-12'),
('2024-10-25', 'P194', '2025-05-14'),
('2024-10-26', 'P195', '2025-05-16'),
('2024-10-27', 'P196', '2025-05-18'),
('2024-10-28', 'P197', '2025-05-20'),
('2024-10-29', 'P198', '2025-05-22'),
('2024-10-30', 'P199', '2025-05-24'),
('2024-10-31', 'P200', '2025-05-26'),
('2024-11-01', 'P201', '2025-05-28'),
('2024-11-02', 'P202', '2025-05-30'),
('2024-11-03', 'P203', '2025-06-01'),
('2024-11-04', 'P204', '2025-06-03'),
('2024-11-05', 'P205', '2025-06-05'),
('2024-11-06', 'P206', '2025-06-07'),
('2024-11-07', 'P207', '2025-06-09'),
('2024-11-08', 'P208', '2025-06-11'),
('2024-11-09', 'P209', '2025-06-13'),
('2024-11-10', 'P210', '2025-06-15'),
('2024-11-11', 'P211', '2025-06-17'),
('2024-11-12', 'P212', '2025-06-19'),
('2024-11-13', 'P213', '2025-06-21'),
('2024-11-14', 'P214', '2025-06-23'),
('2024-11-15', 'P215', '2025-06-25'),
('2024-11-16', 'P216', '2025-06-27'),
('2024-11-17', 'P217', '2025-06-29'),
('2024-11-18', 'P218', '2025-07-01'),
('2024-11-19', 'P219', '2025-07-03'),
('2024-11-20', 'P220', '2025-07-05'),
('2024-11-21', 'P221', '2025-07-07'),
('2024-11-22', 'P222', '2025-07-09'),
('2024-11-23', 'P223', '2025-07-11'),
('2024-11-24', 'P224', '2025-07-13'),
('2024-11-25', 'P225', '2025-07-15'),
('2024-11-26', 'P226', '2025-07-17'),
('2024-11-27', 'P227', '2025-07-19'),
('2024-11-28', 'P228', '2025-07-21'),
('2024-11-29', 'P229', '2025-07-23'),
('2024-11-30', 'P230', '2025-07-25'),
('2024-12-01', 'P231', '2025-07-27'),
('2024-12-02', 'P232', '2025-07-29'),
('2024-12-03', 'P233', '2025-07-31'),
('2024-12-04', 'P234', '2025-08-02'),
('2024-12-05', 'P235', '2025-08-04'),
('2024-12-06', 'P236', '2025-08-06'),
('2024-12-07', 'P237', '2025-08-08'),
('2024-12-08', 'P238', '2025-08-10'),
('2024-12-09', 'P239', '2025-08-12'),
('2024-12-10', 'P240', '2025-08-14'),
('2024-12-11', 'P241', '2025-08-16'),
('2024-12-12', 'P242', '2025-08-18'),
('2024-12-13', 'P243', '2025-08-20'),
('2024-12-14', 'P244', '2025-08-22'),
('2024-12-15', 'P245', '2025-08-24'),
('2024-12-16', 'P246', '2025-08-26'),
('2024-12-17', 'P247', '2025-08-28'),
('2024-12-18', 'P248', '2025-08-30'),
('2024-12-19', 'P249', '2025-09-01'),
('2024-12-20', 'P250', '2025-09-03');


INSERT INTO Apollo_Medical_Store_Online (ProductId, Age_group, Exp_date, Mfg_date, online_sale_price, Medicine_name) VALUES

('PR001', 'Adult', '2026-12-31', '2022-01-01', 110, 'Paracetamol'),
('PR002', 'Child', '2026-11-30', '2022-02-15', 230, 'Amoxicillin'),
('PR003', 'Adult', '2026-10-31', '2022-03-01', 190, 'Aspirin'),
('PR004', 'Child', '2026-09-30', '2022-04-15', 60, 'Ibuprofen'),
('PR005', 'Adult', '2025-08-31', '2022-05-01', 70, 'Omeprazole'),
('PR006', 'Child', '2025-07-31', '2022-06-01', 180, 'Diphenhydramine'),
('PR007', 'Adult', '2025-06-30', '2022-07-01', 200, 'Loratadine'),
('PR008', 'Child', '2025-05-31', '2022-08-01', 115, 'Ranitidine'),
('PR009', 'Adult', '2025-04-30', '2022-09-01', 220, 'Ciprofloxacin'),
('PR010', 'Child', '2025-03-31', '2022-10-01', 130, 'Morphine'),
('PR011', 'Adult', '2025-02-28', '2022-11-01', 190, 'Simvastatin'),
('PR012', 'Child', '2025-01-31', '2022-12-01', 110, 'Metformin'),
('PR013', 'Adult', '2026-01-01', '2023-01-01', 250, 'Lisinopril'),
('PR014', 'Child', '2025-02-01', '2023-02-01', 210, 'Warfarin'),
('PR015', 'Adult', '2025-03-01', '2023-03-01', 230, 'Insulin'),
('PR016', 'Child', '2025-04-01', '2023-04-01', 270, 'Prednisone'),
('PR017', 'Adult', '2025-05-01', '2023-05-01', 240, 'Albuterol'),
('PR018', 'Child', '2025-06-01', '2023-06-01', 280, 'Furosemide'),
('PR019', 'Adult', '2025-07-01', '2023-07-01', 300, 'Atorvastatin'),
('PR020', 'Child', '2025-08-01', '2023-08-01', 260, 'Levothyroxine'),
('PR021', 'Adult', '2025-09-01', '2023-09-01', 180, 'Hydroxyzine'),
('PR022', 'Child', '2025-10-01', '2023-10-01', 240, 'Azathioprine'),
('PR023', 'Adult', '2025-11-01', '2023-11-01', 290, 'Acetazolamide'),
('PR024', 'Child', '2025-12-01', '2023-12-01', 170, 'Alendronate'),
('PR025', 'Adult', '2027-01-01', '2024-01-01', 320, 'Bimatoprost'),
('PR026', 'Child', '2027-02-01', '2024-02-01', 150, 'Clozapine'),
('PR027', 'Adult', '2027-03-01', '2024-03-01', 280, 'Dexamethasone'),
('PR028', 'Child', '2027-04-01', '2024-04-01', 190, 'Ertapenem'),
('PR029', 'Adult', '2027-05-01', '2024-05-01', 220, 'Fosinopril'),
('PR030', 'Child', '2027-06-01', '2024-06-01', 260, 'Guaifenesin'),
('PR031', 'Adult', '2027-07-01', '2024-07-01', 150, 'Hydrochlorothiazide'),
('PR032', 'Child', '2027-08-01', '2024-08-01', 180, 'Isotretinoin'),
('PR033', 'Adult', '2027-09-01', '2024-09-01', 200, 'Ketorolac'),
('PR034', 'Child', '2027-10-01', '2024-10-01', 130, 'Lamotrigine'),
('PR035', 'Adult', '2027-11-01', '2024-11-01', 240, 'Memantine'),
('PR036', 'Child', '2027-12-01', '2024-12-01', 110, 'Naltrexone'),
('PR037', 'Adult', '2027-01-01', '2025-01-01', 270, 'Olanzapine'),
('PR038', 'Child', '2027-02-01', '2025-02-01', 200, 'Phentermine'),
('PR039', 'Adult', '2027-03-01', '2025-03-01', 310, 'Quinapril'),
('PR040', 'Child', '2027-04-01', '2025-04-01', 240, 'Rivastigmine'),
('PR041', 'Adult', '2027-05-01', '2025-05-01', 180, 'Sertraline'),
('PR042', 'Child', '2027-06-01', '2025-06-01', 250, 'Telmisartan'),
('PR043', 'Adult', '2027-07-01', '2025-07-01', 200, 'Ursodiol'),
('PR044', 'Child', '2027-08-01', '2025-08-01', 320, 'Vardenafil'),
('PR045', 'Adult', '2027-09-01', '2025-09-01', 280, 'Zolpidem'),
('PR046', 'Child', '2027-10-01', '2025-10-01', 150, 'Aripiprazole'),
('PR047', 'Adult', '2027-11-01', '2025-11-01', 230, 'Bromocriptine'),
('PR048', 'Child', '2027-12-01', '2025-12-01', 210, 'Carbamazepine'),
('PR049', 'Adult', '2027-01-01', '2026-01-01', 190, 'Dronabinol'),
('PR050', 'Child', '2027-02-01', '2026-02-01', 170, 'Epoetin alfa'),
('PR051', 'Adult', '2027-03-01', '2026-03-01', 250, 'Fluticasone'),
('PR052', 'Child', '2027-04-01', '2026-04-01', 180, 'Glyburide'),
('PR053', 'Adult', '2027-05-01', '2026-05-01', 200, 'Haloperidol'),
('PR054', 'Child', '2027-06-01', '2026-06-01', 270, 'Ibuprofen'),
('PR055', 'Adult', '2027-07-01', '2026-07-01', 240, 'Jardiance'),
('PR056', 'Child', '2027-08-01', '2026-08-01', 280, 'Ketoconazole'),
('PR057', 'Adult', '2027-09-01', '2026-09-01', 300, 'Levalbuterol'),
('PR058', 'Child', '2027-10-01', '2026-10-01', 260, 'Metformin'),
('PR059', 'Adult', '2027-11-01', '2026-11-01', 280, 'Norethindrone'),
('PR060', 'Child', '2027-12-01', '2026-12-01', 200, 'Oxymorphone'),
('PR061', 'Adult', '2027-05-01', '2025-05-01', 180, 'Rabeprazole'),
('PR062', 'Child', '2027-06-01', '2025-06-01', 240, 'Hydrochlorothiazide'),
('PR063', 'Adult', '2027-07-01', '2025-07-01', 290, 'Methylprednisolone'),
('PR064', 'Child', '2027-08-01', '2025-08-01', 170, 'Pregabalin'),
('PR065', 'Adult', '2027-09-01', '2025-09-01', 320, 'Naproxen'),
('PR066', 'Child', '2027-10-01', '2025-10-01', 150, 'Esomeprazole'),
('PR067', 'Adult', '2027-11-01', '2025-11-01', 280, 'Clindamycin'),
('PR068', 'Child', '2027-12-01', '2025-12-01', 190, 'Fluconazole'),
('PR069', 'Adult', '2028-01-01', '2026-01-01', 220, 'Metronidazole'),
('PR070', 'Child', '2028-02-01', '2026-02-01', 260, 'Oseltamivir'),
('PR071', 'Adult', '2028-03-01', '2026-03-01', 150, 'Estradiol'),
('PR072', 'Child', '2028-04-01', '2026-04-01', 180, 'Mupirocin'),
('PR073', 'Adult', '2028-05-01', '2026-05-01', 200, 'Lorazepam'),
('PR074', 'Child', '2028-06-01', '2026-06-01', 130, 'Fluoxetine'),
('PR075', 'Adult', '2028-07-01', '2026-07-01', 240, 'Mometasone'),
('PR076', 'Child', '2028-08-01', '2026-08-01', 110, 'Methadone'),
('PR077', 'Adult', '2028-09-01', '2026-09-01', 270, 'Labetalol'),
('PR078', 'Child', '2028-10-01', '2026-10-01', 200, 'Levonorgestrel'),
('PR079', 'Adult', '2028-11-01', '2026-11-01', 310, 'Bisoprolol'),
('PR080', 'Child', '2028-12-01', '2026-12-01', 240, 'Dapagliflozin'),
('PR081', 'Adult', '2027-01-01', '2020-12-31', 180, 'Cefuroxime'),
('PR082', 'Child', '2027-02-01', '2020-11-30', 240, 'Doxazosin'),
('PR083', 'Adult', '2027-03-01', '2020-10-31', 290, 'Methotrexate'),
('PR084', 'Child', '2027-04-01', '2020-09-30', 170, 'Desvenlafaxine'),
('PR085', 'Adult', '2027-05-01', '2020-08-31', 320, 'Risperidone'),
('PR086', 'Child', '2027-06-01', '2020-07-31', 150, 'Prazosin'),
('PR087', 'Adult', '2027-07-01', '2020-06-30', 280, 'Clobetasol'),
('PR088', 'Child', '2027-08-01', '2020-05-31', 190, 'Sodium oxybate'),
('PR089', 'Adult', '2027-09-01', '2020-04-30', 220, 'Ezetimibe'),
('PR090', 'Child', '2027-10-01', '2020-03-31', 260, 'Ciprofloxacin'),
('PR091', 'Adult', '2027-11-01', '2020-02-29', 150, 'Acyclovir'),
('PR092', 'Child', '2027-12-01', '2020-01-31', 180, 'Diltiazem'),
('PR093', 'Adult', '2028-01-01', '2019-12-31', 200, 'Terbinafine'),
('PR094', 'Child', '2028-02-01', '2019-11-30', 130, 'Bupropion'),
('PR095', 'Adult', '2028-03-01', '2019-10-31', 240, 'Sulfamethoxazole'),
('PR096', 'Child', '2028-04-01', '2019-09-30', 110, 'Brimonidine'),
('PR097', 'Adult', '2028-05-01', '2019-08-31', 270, 'Clotrimazole'),
('PR098', 'Child', '2028-06-01', '2019-07-31', 200, 'Colchicine'),
('PR099', 'Adult', '2028-07-01', '2019-06-30', 310, 'Fluvoxamine'),
('PR100', 'Child', '2028-08-01', '2019-05-31', 240, 'Tiotropium'),
('PR101', 'Adult', '2024-01-01', '2022-12-31', 200, 'Metoprolol'),
('PR102', 'Child', '2024-02-01', '2022-11-30', 250, 'Clopidogrel'),
('PR103', 'Adult', '2024-03-01', '2022-10-31', 180, 'Cephalexin'),
('PR104', 'Child', '2024-04-01', '2022-09-30', 220, 'Gabapentin'),
('PR105', 'Adult', '2024-05-01', '2022-08-31', 270, 'Fluticasone'),
('PR106', 'Child', '2024-06-01', '2022-07-31', 190, 'Nifedipine'),
('PR107', 'Adult', '2024-07-01', '2022-06-30', 230, 'Levetiracetam'),
('PR108', 'Child', '2024-08-01', '2022-05-31', 260, 'Oxycodone'),
('PR109', 'Adult', '2024-09-01', '2022-04-30', 210, 'Hydrocortisone'),
('PR110', 'Child', '2024-10-01', '2022-03-31', 290, 'Quetiapine'),
('PR111', 'Adult', '2024-11-01', '2022-02-28', 240, 'Budesonide'),
('PR112', 'Child', '2024-12-01', '2022-01-31', 180, 'Rosuvastatin'),
('PR113', 'Adult', '2025-01-01', '2021-12-31', 260, 'Pioglitazone'),
('PR114', 'Child', '2025-02-01', '2021-11-30', 280, 'Valsartan'),
('PR115', 'Adult', '2025-03-01', '2021-10-31', 220, 'Rivaroxaban'),
('PR116', 'Child', '2025-04-01', '2021-09-30', 190, 'Amlodipine'),
('PR117', 'Adult', '2025-05-01', '2021-08-31', 310, 'Citalopram'),
('PR118', 'Child', '2025-06-01', '2021-07-31', 240, 'Tamsulosin'),
('PR119', 'Adult', '2025-07-01', '2021-06-30', 180, 'Methotrexate'),
('PR120', 'Child', '2025-08-01', '2021-05-31', 270, 'Prednisolone'),
('PR121', 'Adult', '2025-09-01', '2021-04-30', 220, 'Hydromorphone'),
('PR122', 'Child', '2025-10-01', '2021-03-31', 250, 'Candesartan'),
('PR123', 'Adult', '2025-11-01', '2021-02-28', 280, 'Amiodarone'),
('PR124', 'Child', '2025-12-01', '2021-01-31', 200, 'Fluoxetine'),
('PR125', 'Adult', '2026-01-01', '2020-12-31', 230, 'Sildenafil'),
('PR126', 'Child', '2026-02-01', '2020-11-30', 190, 'Clarithromycin'),
('PR127', 'Adult', '2026-03-01', '2020-10-31', 270, 'Duloxetine'),
('PR128', 'Child', '2026-04-01', '2020-09-30', 210, 'Metoclopramide'),
('PR129', 'Adult', '2026-05-01', '2020-08-31', 240, 'Lamotrigine'),
('PR130', 'Child', '2026-06-01', '2020-07-31', 260, 'Fenofibrate'),
('PR131', 'Adult', '2026-07-01', '2020-06-30', 180, 'Levothyroxine'),
('PR132', 'Child', '2024-02-01', '2022-11-30', 250, 'Hydroxyzine'),
('PR133', 'Adult', '2024-03-01', '2022-10-31', 180, 'Prednisolone'),
('PR134', 'Child', '2024-04-01', '2022-09-30', 220, 'Trazodone'),
('PR135', 'Adult', '2024-05-01', '2022-08-31', 270, 'Metronidazole'),
('PR136', 'Child', '2024-06-01', '2022-07-31', 190, 'Memantine'),
('PR137', 'Adult', '2024-07-01', '2022-06-30', 230, 'Celecoxib'),
('PR138', 'Child', '2024-08-01', '2022-05-31', 260, 'Lorazepam'),
('PR139', 'Adult', '2024-09-01', '2022-04-30', 210, 'Penicillin'),
('PR140', 'Child', '2024-10-01', '2022-03-31', 290, 'Naproxen'),
('PR141', 'Adult', '2024-11-01', '2022-02-28', 240, 'Codeine'),
('PR142', 'Child', '2024-12-01', '2022-01-31', 180, 'Pantoprazole'),
('PR143', 'Adult', '2025-01-01', '2021-12-31', 260, 'Cetirizine'),
('PR144', 'Child', '2025-02-01', '2021-11-30', 280, 'Desloratadine'),
('PR145', 'Adult', '2025-03-01', '2021-10-31', 220, 'Famotidine'),
('PR146', 'Child', '2025-04-01', '2021-09-30', 190, 'Azithromycin'),
('PR147', 'Adult', '2025-05-01', '2021-08-31', 310, 'Tramadol'),
('PR148', 'Child', '2025-06-01', '2021-07-31', 240, 'Ezetimibe'),
('PR149', 'Adult', '2025-07-01', '2021-06-30', 180, 'Gliclazide'),
('PR150', 'Child', '2025-08-01', '2021-05-31', 270, 'Losartan'),
('PR151', 'Adult', '2025-09-01', '2021-04-30', 220, 'Heparin'),
('PR152', 'Child', '2025-10-01', '2021-03-31', 250, 'Sitagliptin'),
('PR153', 'Adult', '2025-11-01', '2021-02-28', 280, 'Dexamethasone'),
('PR154', 'Child', '2025-12-01', '2021-01-31', 200, 'Acetaminophen'),
('PR155', 'Adult', '2026-01-01', '2020-12-31', 230, 'Diclofenac'),
('PR156', 'Child', '2026-02-01', '2020-11-30', 190, 'Cetirizine'),
('PR157', 'Adult', '2026-03-01', '2020-10-31', 270, 'Sumatriptan'),
('PR158', 'Child', '2026-04-01', '2020-09-30', 210, 'Mirtazapine'),
('PR159', 'Adult', '2026-05-01', '2020-08-31', 240, 'Amoxicillin'),
('PR160', 'Child', '2026-06-01', '2020-07-31', 260, 'Topiramate');

INSERT INTO Admit_Data (Bed_no, Duration, Patient_id, Admit_date, Room_id) VALUES

    (1, '[2024-03-15,2024-03-20]', 'P001', '2024-03-15', 'R101'),
    (2, '[2024-03-18,2024-03-25]', 'P002', '2024-03-18', 'R101'),
    (3, '[2024-03-20,2024-03-28]', 'P003', '2024-03-20', 'R101'),
    (4, '[2024-03-22,2024-03-30]', 'P004', '2024-03-22', 'R101'),
    (5, '[2024-03-25,2024-04-02]', 'P005', '2024-03-25', 'R101'),
    (6, '[2024-03-15,2024-03-20]', 'P006', '2024-03-15', 'R102'),
    (7, '[2024-03-18,2024-03-25]', 'P007', '2024-03-18', 'R102'),
    (8, '[2024-03-20,2024-03-28]', 'P008', '2024-03-20', 'R102'),
    (9, '[2024-03-22,2024-03-30]', 'P009', '2024-03-22', 'R102'),
    (10, '[2024-03-25,2024-04-02]', 'P010', '2024-03-25', 'R101'),
    (11, '[2024-03-15,2024-03-20]', 'P011', '2024-03-15', 'R102'),
    (12, '[2024-03-18,2024-03-25]', 'P012', '2024-03-18', 'R102'),
    (13, '[2024-03-20,2024-03-28]', 'P013', '2024-03-20', 'R102'),
    (14, '[2024-03-22,2024-03-30]', 'P014', '2024-03-22', 'R102'),
    (15, '[2024-03-25,2024-04-02]', 'P015', '2024-03-25', 'R102'),
    (16, '[2024-03-15,2024-03-20]', 'P016', '2024-03-15', 'R103'),
    (17, '[2024-03-18,2024-03-25]', 'P017', '2024-03-18', 'R103'),
    (18, '[2024-03-20,2024-03-28]', 'P018', '2024-03-20', 'R103'),
    (19, '[2024-03-22,2024-03-30]', 'P019', '2024-03-22', 'R103'),
    (20, '[2024-03-25,2024-04-02]', 'P020', '2024-03-25', 'R103'),
    (21, '[2024-03-15,2024-03-20]', 'P021', '2024-03-15', 'R104'),
    (22, '[2024-03-18,2024-03-25]', 'P022', '2024-03-18', 'R104'),
    (23, '[2024-03-20,2024-03-28]', 'P023', '2024-03-20', 'R104'),
    (24, '[2024-03-22,2024-03-30]', 'P024', '2024-03-22', 'R104'),
    (25, '[2024-03-25,2024-04-02]', 'P025', '2024-03-25', 'R104'),
    (26, '[2024-03-15,2024-03-20]', 'P026', '2024-03-15', 'R105'),
    (27, '[2024-03-18,2024-03-25]', 'P027', '2024-03-18', 'R105'),
    (28, '[2024-03-20,2024-03-28]', 'P028', '2024-03-20', 'R105'),
    (29, '[2024-03-22,2024-03-30]', 'P029', '2024-03-22', 'R105'),
    (30, '[2024-03-25,2024-04-02]', 'P030', '2024-03-25', 'R105'),
    (31, '[2024-03-15,2024-03-20]', 'P031', '2024-03-15', 'R106'),
    (32, '[2024-03-18,2024-03-25]', 'P032', '2024-03-18', 'R106'),
    (33, '[2024-03-20,2024-03-28]', 'P033', '2024-03-20', 'R106'),
    (34, '[2024-03-22,2024-03-30]', 'P034', '2024-03-22', 'R106'),
    (35, '[2024-03-25,2024-04-02]', 'P035', '2024-03-25', 'R106'),
    (36, '[2024-03-15,2024-03-20]', 'P036', '2024-03-15', 'R107'),
    (37, '[2024-03-18,2024-03-25]', 'P037', '2024-03-18', 'R107'),
    (38, '[2024-03-20,2024-03-28]', 'P038', '2024-03-20', 'R107'),
    (39, '[2024-03-22,2024-03-30]', 'P039', '2024-03-22', 'R107'),
    (40, '[2024-03-25,2024-04-02]', 'P040', '2024-03-25', 'R107'),
    (41, '[2024-03-15,2024-03-20]', 'P041', '2024-03-15', 'R108'),
    (42, '[2024-03-18,2024-03-25]', 'P042', '2024-03-18', 'R108'),
    (43, '[2024-03-20,2024-03-28]', 'P043', '2024-03-20', 'R108'),
    (44, '[2024-03-22,2024-03-30]', 'P044', '2024-03-22', 'R108'),
    (45, '[2024-03-25,2024-04-02]', 'P045', '2024-03-25', 'R108'),
    (46, '[2024-03-15,2024-03-20]', 'P046', '2024-03-15', 'R109'),
    (47, '[2024-03-18,2024-03-25]', 'P047', '2024-03-18', 'R109'),
    (48, '[2024-03-20,2024-03-28]', 'P048', '2024-03-20', 'R109'),
    (49, '[2024-03-22,2024-03-30]', 'P049', '2024-03-22', 'R109'),
    (50, '[2024-03-25,2024-04-02]', 'P050', '2024-03-25', 'R109'),
    (51, '[2024-03-15,2024-03-20]', 'P051', '2024-03-15', 'R110'),
    (52, '[2024-03-18,2024-03-25]', 'P052', '2024-03-18', 'R110'),
    (53, '[2024-03-20,2024-03-28]', 'P053', '2024-03-20', 'R110'),
    (54, '[2024-03-22,2024-03-30]', 'P054', '2024-03-22', 'R110'),
    (55, '[2024-03-25,2024-04-02]', 'P055', '2024-03-25', 'R110'),
    (56, '[2024-03-15,2024-03-20]', 'P056', '2024-03-15', 'R111'),
    (57, '[2024-03-18,2024-03-25]', 'P057', '2024-03-18', 'R111'),
    (58, '[2024-03-20,2024-03-28]', 'P058', '2024-03-20', 'R111'),
    (59, '[2024-03-22,2024-03-30]', 'P059', '2024-03-22', 'R111'),
    (60, '[2024-03-25,2024-04-02]', 'P060', '2024-03-25', 'R111'),
    (61, '[2024-03-15,2024-03-20]', 'P061', '2024-03-15', 'R112'),
    (62, '[2024-03-18,2024-03-25]', 'P062', '2024-03-18', 'R112'),
    (63, '[2024-03-20,2024-03-28]', 'P063', '2024-03-20', 'R112'),
    (64, '[2024-03-22,2024-03-30]', 'P064', '2024-03-22', 'R112'),
    (65, '[2024-03-25,2024-04-02]', 'P065', '2024-03-25', 'R112'),
    (66, '[2024-03-15,2024-03-20]', 'P066', '2024-03-15', 'R113'),
    (67, '[2024-03-18,2024-03-25]', 'P067', '2024-03-18', 'R113'),
    (68, '[2024-03-20,2024-03-28]', 'P068', '2024-03-20', 'R113'),
    (69, '[2024-03-22,2024-03-30]', 'P069', '2024-03-22', 'R113'),
    (70, '[2024-03-25,2024-04-02]', 'P070', '2024-03-25', 'R113'),
    (71, '[2024-03-15,2024-03-20]', 'P071', '2024-03-15', 'R114'),
    (72, '[2024-03-18,2024-03-25]', 'P072', '2024-03-18', 'R114'),
    (73, '[2024-03-20,2024-03-28]', 'P073', '2024-03-20', 'R114'),
    (74, '[2024-03-22,2024-03-30]', 'P074', '2024-03-22', 'R114'),
    (75, '[2024-03-25,2024-04-02]', 'P075', '2024-03-25', 'R114'),
    (76, '[2024-03-15,2024-03-20]', 'P076', '2024-03-15', 'R115'),
    (77, '[2024-03-18,2024-03-25]', 'P077', '2024-03-18', 'R115'),
    (78, '[2024-03-20,2024-03-28]', 'P078', '2024-03-20', 'R115'),
    (79, '[2024-03-22,2024-03-30]', 'P079', '2024-03-22', 'R115'),
    (80, '[2024-03-25,2024-04-02]', 'P080', '2024-03-25', 'R115'),
    (81, '[2024-03-15,2024-03-20]', 'P081', '2024-03-15', 'R116'),
    (82, '[2024-03-18,2024-03-25]', 'P082', '2024-03-18', 'R116'),
    (83, '[2024-03-20,2024-03-28]', 'P083', '2024-03-20', 'R116'),
    (84, '[2024-03-22,2024-03-30]', 'P084', '2024-03-22', 'R116'),
    (85, '[2024-03-25,2024-04-02]', 'P085', '2024-03-25', 'R116'),
    (86, '[2024-03-15,2024-03-20]', 'P086', '2024-03-15', 'R117'),
    (87, '[2024-03-18,2024-03-25]', 'P087', '2024-03-18', 'R117'),
    (88, '[2024-03-20,2024-03-28]', 'P088', '2024-03-20', 'R117'),
    (89, '[2024-03-22,2024-03-30]', 'P089', '2024-03-22', 'R117'),
    (90, '[2024-03-25,2024-04-02]', 'P090', '2024-03-25', 'R117'),
    (91, '[2024-03-15,2024-03-20]', 'P091', '2024-03-15', 'R118'),
    (92, '[2024-03-18,2024-03-25]', 'P092', '2024-03-18', 'R118'),
    (93, '[2024-03-20,2024-03-28]', 'P093', '2024-03-20', 'R118'),
    (94, '[2024-03-22,2024-03-30]', 'P094', '2024-03-22', 'R118'),
    (95, '[2024-03-25,2024-04-02]', 'P095', '2024-03-25', 'R118'),
    (96, '[2024-03-15,2024-03-20]', 'P096', '2024-03-15', 'R119'),
    (97, '[2024-03-18,2024-03-25]', 'P097', '2024-03-18', 'R119'),
    (98, '[2024-03-20,2024-03-28]', 'P098', '2024-03-20', 'R119'),
    (99, '[2024-03-22,2024-03-30]', 'P099', '2024-03-22', 'R119'),
    (100, '[2024-03-25,2024-04-02]', 'P100', '2024-03-25', 'R119'),
    (101, '[2024-03-15,2024-03-20]', 'P101', '2024-03-15', 'R120'),
    (102, '[2024-03-18,2024-03-25]', 'P102', '2024-03-18', 'R120'),
    (103, '[2024-03-20,2024-03-28]', 'P103', '2024-03-20', 'R120'),
    (104, '[2024-03-22,2024-03-30]', 'P104', '2024-03-22', 'R120'),
    (105, '[2024-03-25,2024-04-02]', 'P105', '2024-03-25', 'R120'),
    (106, '[2024-03-15,2024-03-20]', 'P106', '2024-03-15', 'R121'),
    (107, '[2024-03-18,2024-03-25]', 'P107', '2024-03-18', 'R121'),
    (108, '[2024-03-20,2024-03-28]', 'P108', '2024-03-20', 'R121'),
    (109, '[2024-03-22,2024-03-30]', 'P109', '2024-03-22', 'R121'),
    (110, '[2024-03-25,2024-04-02]', 'P110', '2024-03-25', 'R121'),
    (111, '[2024-03-15,2024-03-20]', 'P111', '2024-03-15', 'R122'),
    (112, '[2024-03-18,2024-03-25]', 'P112', '2024-03-18', 'R122'),
    (113, '[2024-03-20,2024-03-28]', 'P113', '2024-03-20', 'R122'),
    (114, '[2024-03-22,2024-03-30]', 'P114', '2024-03-22', 'R122'),
    (115, '[2024-03-25,2024-04-02]', 'P115', '2024-03-25', 'R122');

INSERT INTO Lab (Test_name, Price) VALUES

('Blood Test', 500),
('X-ray', 800),
('MRI Scan', 700),
('Ultrasound', 600),
('ECG', 900),
('CT Scan', 500),
('PET Scan', 800),
('Colonoscopy', 700),
('Mammography', 600),
('Doppler Ultrasound', 900),
('Endoscopy', 500),
('Bone Density Test', 800),
('Echocardiogram', 700),
('Pap Smear', 600),
('Spirometry', 900),
('Thyroid Scan', 500),
('Holter Monitor', 800),
('Electromyography', 700),
('Tilt Table Test', 600),
('Liver Biopsy', 900),
('Biopsy', 500),
('Sigmoidoscopy', 800),
('Angiography', 700),
('EKG', 600),
('Lung Function Test', 900),
('Electroencephalogram', 500),
('Barium Swallow', 800),
('Hysteroscopy', 700),
('Cystoscopy', 600),
('Fecal Occult Blood Test', 900),
('DEXA Scan', 500),
('Nuclear Stress Test', 800),
('Arthroscopy', 700),
('Skin Biopsy', 600),
('Thallium Stress Test', 900),
('Stress Echocardiogram', 500),
('Nerve Conduction Study', 800),
('Colonography', 700),
('Lumbar Puncture', 600),
('Electronystagmography', 900),
('Myelogram', 500),
('SPECT Scan', 800),
('Laryngoscopy', 700),
('Patch Test', 600),
('Bronchoscopy', 900),
('Coronary Angiography', 500),
('Vascular Ultrasound', 800),
('CT Angiography', 700),
('Bone Scan', 600),
('Fine Needle Aspiration', 900),
('Tympanometry', 500),
('Renal Ultrasound', 800),
('Cerebral Angiography', 700),
('Hemoglobin A1C Test', 600),
('Thyroid Biopsy', 900);

INSERT INTO Department_Staff (Staff_id, Room_id) VALUES
(101, 'R111'),
(102, 'R111'),
(103, 'R111'),
(104, 'R111'),
(105, 'R111'),
(106, 'R111'),
(107, 'R111'),
(108, 'R111'),
(109, 'R111'),
(110, 'R111'),
(111, 'R112'),
(112, 'R112'),
(113, 'R112'),
(114, 'R112'),
(115, 'R112'),
(116, 'R112'),
(117, 'R112'),
(118, 'R112'),
(119, 'R112'),
(120, 'R112'),
(121, 'R113'),
(122, 'R113'),
(123, 'R113'),
(124, 'R113'),
(125, 'R113'),
(126, 'R113'),
(127, 'R113'),
(128, 'R113'),
(129, 'R113'),
(130, 'R113'),
(131, 'R114'),
(132, 'R114'),
(133, 'R114'),
(134, 'R114'),
(135, 'R114'),
(136, 'R114'),
(137, 'R114'),
(138, 'R114'),
(139, 'R114'),
(140, 'R114'),
(141, 'R115'),
(142, 'R115'),
(143, 'R115'),
(144, 'R115'),
(145, 'R115'),
(146, 'R115'),
(147, 'R115'),
(148, 'R115'),
(149, 'R115'),
(150, 'R115'),
(151, 'R116'),
(152, 'R116'),
(153, 'R116'),
(154, 'R116'),
(155, 'R116'),
(156, 'R116'),
(157, 'R116'),
(158, 'R116'),
(159, 'R116'),
(160, 'R116'),
(161, 'R117'),
(162, 'R117'),
(163, 'R117'),
(164, 'R117'),
(165, 'R117'),
(166, 'R117'),
(167, 'R117'),
(168, 'R117'),
(169, 'R117'),
(170, 'R117'),
(171, 'R118'),
(172, 'R118'),
(173, 'R118'),
(174, 'R118'),
(175, 'R118'),
(176, 'R118'),
(177, 'R118'),
(178, 'R118'),
(179, 'R118'),
(180, 'R118'),
(181, 'R119'),
(182, 'R119'),
(183, 'R119'),
(184, 'R119'),
(185, 'R119'),
(186, 'R119'),
(187, 'R119'),
(188, 'R119'),
(189, 'R119'),
(190, 'R119'),
(191, 'R120'),
(192, 'R120'),
(193, 'R120'),
(194, 'R120'),
(195, 'R120'),
(196, 'R120'),
(197, 'R120'),
(198, 'R120'),
(199, 'R120'),
(200, 'R120'),
(201, 'R121'),
(202, 'R121'),
(203, 'R121'),
(204, 'R121'),
(205, 'R121'),
(206, 'R121'),
(207, 'R121'),
(208, 'R121'),
(209, 'R121'),
(210, 'R121'),
(211, 'R122'),
(212, 'R122'),
(213, 'R122'),
(214, 'R122'),
(215, 'R122'),
(216, 'R122'),
(217, 'R122'),
(218, 'R122'),
(219, 'R122'),
(220, 'R122'),
(221, 'R123'),
(222, 'R123'),
(223, 'R123'),
(224, 'R123'),
(225, 'R123'),
(226, 'R123'),
(227, 'R123'),
(228, 'R123'),
(229, 'R123'),
(230, 'R123'),
(231, 'R124'),
(232, 'R124'),
(233, 'R124'),
(234, 'R124'),
(235, 'R124'),
(236, 'R124'),
(237, 'R124'),
(238, 'R124'),
(239, 'R124'),
(240, 'R124'),
(241, 'R125'),
(242, 'R125'),
(243, 'R125'),
(244, 'R125'),
(245, 'R125'),
(246, 'R125'),
(247, 'R125'),
(248, 'R125'),
(249, 'R125'),
(250, 'R125');

INSERT INTO Test (Result, Lab_tech_name, Patient_id, Test_name) VALUES
('Normal', 'Arjun', 'P001', 'Blood Test'),
('Negative', 'Priya', 'P002', 'X-ray'),
('Abnormal', 'Amit', 'P003', 'MRI Scan'),
('Normal', 'Anita', 'P004', 'Ultrasound'),
('Negative', 'Deepak', 'P005', 'ECG'),
('Normal', 'Arjun', 'P006', 'Blood Test'),
('Negative', 'Priya', 'P007', 'X-ray'),
('Abnormal', 'Amit', 'P008', 'MRI Scan'),
('Normal', 'Anita', 'P009', 'Ultrasound'),
('Negative', 'Deepak', 'P010', 'ECG'),
('Normal', 'Arjun', 'P011', 'Blood Test'),
('Negative', 'Priya', 'P012', 'X-ray'),
('Abnormal', 'Amit', 'P013', 'MRI Scan'),
('Normal', 'Anita', 'P014', 'Ultrasound'),
('Negative', 'Deepak', 'P015', 'ECG'),
('Normal', 'Arjun', 'P016', 'Blood Test'),
('Negative', 'Priya', 'P017', 'X-ray'),
('Abnormal', 'Amit', 'P018', 'MRI Scan'),
('Normal', 'Anita', 'P019', 'Ultrasound'),
('Negative', 'Deepak', 'P020', 'ECG'),
('Normal', 'John Doe', 'P021', 'Biopsy'),
('Slightly elevated', 'Jane Smith', 'P022', 'Sigmoidoscopy'),
('Within normal range', 'Alice Johnson', 'P023', 'Angiography'),
('Needs further testing', 'Bob Brown', 'P024', 'EKG'),
('Normal function', 'Carol Davis', 'P025', 'Lung Function Test'),
('Abnormal activity detected', 'John Doe', 'P026', 'Electroencephalogram'),
('Clear of obstructions', 'Jane Smith', 'P027', 'Barium Swallow'),
('No abnormalities found', 'Alice Johnson', 'P028', 'Hysteroscopy'),
('Minor inflammation', 'Bob Brown', 'P029', 'Cystoscopy'),
('Negative for blood', 'Carol Davis', 'P030', 'Fecal Occult Blood Test'),
('Bone density within expected range', 'John Doe', 'P031', 'DEXA Scan'),
('Stress levels normal', 'Jane Smith', 'P032', 'Nuclear Stress Test'),
('No joint damage visible', 'Alice Johnson', 'P033', 'Arthroscopy'),
('Healthy skin cells', 'Bob Brown', 'P034', 'Skin Biopsy'),
('Normal cardiac response', 'Carol Davis', 'P035', 'Thallium Stress Test'),
('Ejection fraction within normal limits', 'John Doe', 'P036', 'Stress Echocardiogram'),
('Nerve responses are normal', 'Jane Smith', 'P037', 'Nerve Conduction Study'),
('No polyps or masses', 'Alice Johnson', 'P038', 'Colonography'),
('Cerebrospinal fluid normal', 'Bob Brown', 'P039', 'Lumbar Puncture'),
('Balance function normal', 'Carol Davis', 'P040', 'Electronystagmography'),
('Diagnostic clarity achieved', 'John Doe', 'P041', 'Myelogram'),
('Results are inconclusive', 'Jane Smith', 'P042', 'SPECT Scan'),
('No laryngeal abnormalities', 'Alice Johnson', 'P043', 'Laryngoscopy'),
('Normal allergic response', 'Bob Brown', 'P044', 'Patch Test'),
('Bronchial tubes clear', 'Carol Davis', 'P045', 'Bronchoscopy'),
('Coronary arteries clear', 'John Doe', 'P046', 'Coronary Angiography'),
('Normal vascular flow', 'Jane Smith', 'P047', 'Vascular Ultrasound'),
('No significant blockages', 'Alice Johnson', 'P048', 'CT Angiography'),
('Bone integrity is maintained', 'Bob Brown', 'P049', 'Bone Scan'),
('Cell samples are benign', 'Carol Davis', 'P050', 'Fine Needle Aspiration'),
('Eardrum responds normally', 'John Doe', 'P051', 'Tympanometry'),
('Kidneys are functioning normally', 'Jane Smith', 'P052', 'Renal Ultrasound'),
('Cerebral vessels clear', 'Alice Johnson', 'P053', 'Cerebral Angiography'),
('Glucose levels are stable', 'Bob Brown', 'P054', 'Hemoglobin A1C Test'),
('Thyroid cells are normal', 'Carol Davis', 'P055', 'Thyroid Biopsy'),
('Normal EEG readings', 'John Doe', 'P056', 'Electroencephalogram'),
('Gastrointestinal tract clear', 'Jane Smith', 'P057', 'Endoscopy'),
('Muscular activity is normal', 'Alice Johnson', 'P058', 'Electromyography'),
('Heart rate returns to normal', 'Bob Brown', 'P059', 'Tilt Table Test'),
('Liver tissue is healthy', 'Carol Davis', 'P060', 'Liver Biopsy'),
('Mammogram shows no lumps', 'John Doe', 'P061', 'Mammography'),
('No vascular abnormalities', 'Jane Smith', 'P062', 'Doppler Ultrasound'),
('No abnormalities in pelvic region', 'Alice Johnson', 'P063', 'Hysteroscopy'),
('Bladder functions are normal', 'Bob Brown', 'P064', 'Cystoscopy'),
('Blood test indicators within normal range', 'Carol Davis', 'P065', 'Blood Test'),
('Normal sinus rhythm', 'John Doe', 'P066', 'ECG'),
('CT results show no issues', 'Jane Smith', 'P067', 'CT Scan'),
('PET scan does not show any anomalies', 'Alice Johnson', 'P068', 'PET Scan'),
('Colon is free of cancerous growths', 'Bob Brown', 'P069', 'Colonoscopy'),
('No abnormal growth in the thyroid', 'Carol Davis', 'P070', 'Thyroid Scan'),
('Clear images, no abnormalities', 'Alice Johnson', 'P071', 'X-ray'),
('Normal muscle response', 'Bob Brown', 'P072', 'Electromyography'),
('Functionality is optimal', 'Carol Davis', 'P073', 'Nerve Conduction Study'),
('No signs of polyps', 'John Doe', 'P074', 'Colonography'),
('CSF pressure is normal', 'Jane Smith', 'P075', 'Lumbar Puncture'),
('Nystagmus within normal range', 'Alice Johnson', 'P076', 'Electronystagmography'),
('Myelin integrity preserved', 'Bob Brown', 'P077', 'Myelogram'),
('Normal perfusion', 'Carol Davis', 'P078', 'SPECT Scan'),
('Voice box clear', 'John Doe', 'P079', 'Laryngoscopy'),
('No allergic reaction observed', 'Jane Smith', 'P080', 'Patch Test'),
('Airways are unobstructed', 'Alice Johnson', 'P081', 'Bronchoscopy'),
('Coronary vessels are patent', 'Bob Brown', 'P082', 'Coronary Angiography'),
('Vascular circulation is excellent', 'Carol Davis', 'P083', 'Vascular Ultrasound'),
('CT shows no signs of lesions', 'John Doe', 'P084', 'CT Angiography'),
('Bone mineral density is above average', 'Jane Smith', 'P085', 'Bone Scan'),
('Cytology reports no malignancy', 'Alice Johnson', 'P086', 'Fine Needle Aspiration'),
('Tympanic membrane reacts normally', 'Bob Brown', 'P087', 'Tympanometry'),
('Renal function is within normal limits', 'Carol Davis', 'P088', 'Renal Ultrasound'),
('Cerebral arteries clear of stenosis', 'John Doe', 'P089', 'Cerebral Angiography'),
('A1C levels suggest good glucose control', 'Jane Smith', 'P090', 'Hemoglobin A1C Test'),
('Thyroid morphology is normal', 'Alice Johnson', 'P091', 'Thyroid Biopsy'),
('EEG shows normal brain activity', 'Bob Brown', 'P092', 'Electroencephalogram'),
('GI scope shows no signs of ulcers', 'Carol Davis', 'P093', 'Endoscopy'),
('Muscular contraction rates are normal', 'John Doe', 'P094', 'Electromyography'),
('Heart response to stress is adequate', 'Jane Smith', 'P095', 'Tilt Table Test'),
('Liver enzymes are within normal ranges', 'Alice Johnson', 'P096', 'Liver Biopsy'),
('Mammography reveals dense breast tissue', 'Bob Brown', 'P097', 'Mammography'),
('Ultrasound shows normal venous flow', 'Carol Davis', 'P098', 'Doppler Ultrasound'),
('Pelvic examination is normal', 'John Doe', 'P099', 'Hysteroscopy'),
('Bladder wall thickness is normal', 'Jane Smith', 'P100', 'Cystoscopy'),
('Clear EKG, normal rhythm', 'Carol Davis', 'P101', 'EKG'),
('Blood pressure normal during test', 'John Doe', 'P102', 'Tilt Table Test'),
('No fibrosis detected', 'Jane Smith', 'P103', 'Liver Biopsy'),
('Cholesterol levels within safe range', 'Alice Johnson', 'P104', 'Blood Test'),
('No abnormalities in echo', 'Bob Brown', 'P105', 'Echocardiogram'),
('No blockage in coronary arteries', 'Carol Davis', 'P106', 'Coronary Angiography'),
('Normal bone density', 'John Doe', 'P107', 'Bone Density Test'),
('Spirometry results indicate good lung capacity', 'Jane Smith', 'P108', 'Spirometry'),
('Thyroid function tests are normal', 'Alice Johnson', 'P109', 'Thyroid Scan'),
('MRI scan shows no issues', 'Bob Brown', 'P110', 'MRI Scan'),
('Ultrasound shows no internal issues', 'Carol Davis', 'P111', 'Ultrasound'),
('Electrical activity of the heart is normal', 'John Doe', 'P112', 'EKG'),
('No reflux detected, barium swallow normal', 'Jane Smith', 'P113', 'Barium Swallow'),
('Sigmoidoscopy reveals healthy colon', 'Alice Johnson', 'P114', 'Sigmoidoscopy'),
('Cystoscopy clear of any tumors', 'Bob Brown', 'P115', 'Cystoscopy'),
('Stress test shows normal heart function under stress', 'Carol Davis', 'P116', 'Nuclear Stress Test'),
('No evidence of joint damage in arthroscopy', 'John Doe', 'P117', 'Arthroscopy'),
('Skin biopsy shows no sign of malignancy', 'Jane Smith', 'P118', 'Skin Biopsy'),
('No abnormalities in nerve conduction', 'Alice Johnson', 'P119', 'Nerve Conduction Study'),
('Colonography confirms no polyps', 'Bob Brown', 'P120', 'Colonography');

INSERT INTO Rating (Doctor_id, Patient_id, Given_rating) VALUES
('D001', 'P001', 4),
('D001', 'P002', 9),
('D001', 'P003', 7),
('D001', 'P004', 6),
('D002', 'P005', 2),
('D002', 'P006', 3),
('D003', 'P007', 10),
('D003', 'P008', 5),
('D003', 'P009', 3),
('D003', 'P010', 10),
('D004', 'P011', 4),
('D005', 'P012', 10),
('D005', 'P013', 5),
('D005', 'P014', 5),
('D005', 'P015', 7),
('D006', 'P016', 6),
('D006', 'P017', 4),
('D007', 'P018', 7),
('D007', 'P019', 1),
('D007', 'P020', 4),
('D007', 'P021', 7),
('D008', 'P022', 9),
('D009', 'P023', 6),
('D009', 'P024', 4),
('D009', 'P025', 8),
('D009', 'P026', 8),
('D010', 'P027', 9),
('D010', 'P028', 4),
('D011', 'P029', 9),
('D011', 'P030', 6),
('D011', 'P031', 1),
('D011', 'P032', 6),
('D012', 'P033', 8),
('D013', 'P034', 6),
('D013', 'P035', 2),
('D013', 'P036', 10),
('D013', 'P037', 5),
('D014', 'P038', 8),
('D014', 'P039', 1),
('D015', 'P040', 5),
('D015', 'P041', 10),
('D015', 'P042', 2),
('D015', 'P043', 7),
('D016', 'P044', 10),
('D017', 'P045', 5),
('D017', 'P046', 10),
('D017', 'P047', 6),
('D017', 'P048', 5),
('D018', 'P049', 9),
('D018', 'P050', 2),
('D019', 'P051', 7),
('D019', 'P052', 4),
('D019', 'P053', 3),
('D019', 'P054', 8),
('D020', 'P055', 8),
('D021', 'P056', 3),
('D021', 'P057', 1),
('D021', 'P058', 8),
('D021', 'P059', 9),
('D022', 'P060', 6),
('D022', 'P061', 9),
('D023', 'P062', 6),
('D023', 'P063', 7),
('D023', 'P064', 1),
('D023', 'P065', 5),
('D024', 'P066', 3),
('D025', 'P067', 4),
('D025', 'P068', 10),
('D025', 'P069', 2),
('D025', 'P070', 7),
('D026', 'P071', 4),
('D026', 'P072', 7),
('D027', 'P073', 2),
('D027', 'P074', 7),
('D027', 'P075', 9),
('D027', 'P076', 1),
('D028', 'P077', 9),
('D029', 'P078', 6),
('D029', 'P079', 7),
('D029', 'P080', 8),
('D029', 'P081', 10),
('D030', 'P082', 10),
('D030', 'P083', 9),
('D031', 'P084', 7),
('D031', 'P085', 8),
('D031', 'P086', 4),
('D031', 'P087', 5),
('D032', 'P088', 3),
('D033', 'P089', 6),
('D033', 'P090', 2),
('D033', 'P091', 8),
('D033', 'P092', 3),
('D034', 'P093', 9),
('D034', 'P094', 3),
('D035', 'P095', 4),
('D035', 'P096', 9),
('D035', 'P097', 7),
('D035', 'P098', 6),
('D036', 'P099', 1),
('D037', 'P100', 2),
('D037', 'P101', 6),
('D037', 'P102', 1),
('D037', 'P103', 10),
('D038', 'P104', 8),
('D038', 'P105', 2),
('D039', 'P106', 7),
('D039', 'P107', 9),
('D039', 'P108', 4),
('D039', 'P109', 5),
('D040', 'P110', 10),
('D041', 'P111', 10),
('D041', 'P112', 4),
('D041', 'P113', 7),
('D041', 'P114', 10),
('D042', 'P115', 2),
('D042', 'P116', 8),
('D043', 'P117', 1),
('D043', 'P118', 4),
('D043', 'P119', 10),
('D043', 'P120', 3),
('D044', 'P121', 1),
('D045', 'P122', 7),
('D045', 'P123', 8),
('D045', 'P124', 7),
('D045', 'P125', 4),
('D046', 'P126', 3),
('D046', 'P127', 4),
('D047', 'P128', 6),
('D047', 'P129', 5),
('D047', 'P130', 3),
('D047', 'P131', 10),
('D048', 'P132', 10),
('D049', 'P133', 1),
('D049', 'P134', 10),
('D049', 'P135', 4),
('D049', 'P136', 1),
('D050', 'P137', 5),
('D050', 'P138', 6),
('D051', 'P139', 4),
('D051', 'P140', 7),
('D051', 'P141', 3),
('D051', 'P142', 10),
('D052', 'P143', 10),
('D053', 'P144', 8),
('D053', 'P145', 10),
('D053', 'P146', 6),
('D053', 'P147', 9),
('D054', 'P148', 5),
('D054', 'P149', 1),
('D055', 'P150', 3),
('D055', 'P151', 2),
('D055', 'P152', 7),
('D055', 'P153', 10),
('D056', 'P154', 7),
('D057', 'P155', 8),
('D057', 'P156', 10),
('D057', 'P157', 2),
('D057', 'P158', 10),
('D058', 'P159', 5),
('D058', 'P160', 9),
('D059', 'P161', 3),
('D059', 'P162', 7),
('D059', 'P163', 1),
('D059', 'P164', 7),
('D060', 'P165', 9),
('D061', 'P166', 10),
('D061', 'P167', 8),
('D061', 'P168', 5),
('D061', 'P169', 10),
('D062', 'P170', 4),
('D062', 'P171', 10),
('D063', 'P172', 2),
('D063', 'P173', 7),
('D063', 'P174', 6),
('D063', 'P175', 7),
('D064', 'P176', 1),
('D065', 'P177', 7),
('D065', 'P178', 10),
('D065', 'P179', 9),
('D065', 'P180', 10),
('D066', 'P181', 4),
('D066', 'P182', 2),
('D067', 'P183', 7),
('D067', 'P184', 9),
('D067', 'P185', 5),
('D067', 'P186', 7),
('D068', 'P187', 8),
('D069', 'P188', 3),
('D069', 'P189', 2),
('D069', 'P190', 5),
('D069', 'P191', 4),
('D070', 'P192', 6),
('D070', 'P193', 4),
('D071', 'P194', 6),
('D071', 'P195', 10),
('D071', 'P196', 1),
('D071', 'P197', 10),
('D072', 'P198', 5),
('D073', 'P199', 4),
('D073', 'P200', 9),
('D073', 'P201', 5),
('D073', 'P202', 5),
('D074', 'P203', 9),
('D074', 'P204', 7),
('D075', 'P205', 3),
('D075', 'P206', 4),
('D075', 'P207', 2),
('D075', 'P208', 9),
('D076', 'P209', 8),
('D077', 'P210', 10),
('D077', 'P211', 3),
('D077', 'P212', 8),
('D077', 'P213', 2),
('D078', 'P214', 5),
('D078', 'P215', 7),
('D079', 'P216', 8),
('D079', 'P217', 6),
('D079', 'P218', 9),
('D079', 'P219', 10),
('D080', 'P220', 1),
('D081', 'P221', 9),
('D081', 'P222', 4),
('D081', 'P223', 1),
('D081', 'P224', 10),
('D082', 'P225', 8),
('D082', 'P226', 2),
('D083', 'P227', 6),
('D083', 'P228', 5),
('D083', 'P229', 9),
('D083', 'P230', 5),
('D084', 'P231', 7),
('D085', 'P232', 2),
('D085', 'P233', 9),
('D085', 'P234', 4),
('D085', 'P235', 9),
('D086', 'P236', 8),
('D086', 'P237', 2),
('D087', 'P238', 9),
('D087', 'P239', 7),
('D087', 'P240', 8),
('D087', 'P241', 3),
('D088', 'P242', 5),
('D089', 'P243', 8),
('D089', 'P244', 2),
('D089', 'P245', 3),
('D089', 'P246', 6),
('D090', 'P247', 10),
('D090', 'P248', 3),
('D091', 'P249', 9),
('D091', 'P250', 2);

INSERT INTO Medical_Store(Store_name, Store_address) VALUES
('Ganpati Pharmacy', 'Rajpur Colony'),
('Lakshmi Medical', 'Saraswati Nagar'),
('Gopal Pharmacy', 'Ramnagar'),
('Parvati Medical', 'Krishna Vihar'),
('Radha Medical', 'Bhagwanpura'),
('Shakti Pharmacy', 'Shivaji Nagar'),
('Vishnu Medical', 'Gokul Colony'),
('Surya Medical', 'Tulsi Vihar'),
('Gauri Pharmacy', 'Kanhaiya Nagar'),
('Hanuman Medical', 'Preet Nagar'),
('Sita Pharmacy', 'Laxmanpura'),
('Brahma Medical', 'Durga Colony'),
('Vijay Medical', 'Jagannath Nagar'),
('Ganpati Pharmacy', 'Sampurna Nagar'),
('Jaya Medical', 'Govindpura'),
('Arun Medical', 'Surya Nagar'),
('Sarita Pharmacy', 'Guru Kripa Colony'),
('Ganesh Medical', 'Radhakrishna Nagar'),
('Laxmi Pharmacy', 'Gandhi Nagar'),
('Indira Medical', 'Vishwakarma Colony'),
('Yamuna Pharmacy', 'Girija Vihar'),
('Vijay Medical', 'Sai Nagar'),
('Meera Pharmacy', 'Annapurna Colony'),
('Neeraj Pharmacy', 'Mahavir Nagar'),
('Ram Medical', 'Lalanagar'),
('Nanda Pharmacy', 'Bhavani Colony'),
('Manisha Medical', 'Harihar Nagar'),
('Kiran Pharmacy', 'Vrindavan Colony'),
('Govinda Medical', 'Santosh Nagar'),
('Madhuri Pharmacy', 'Gayatri Vihar'),
('Rama Medical', 'Kuber Colony'),
('Savitri Pharmacy', 'Chandni Chowk'),
('Raj Medical', 'Janki Nagar'),
('Durga Pharmacy', 'Hanuman Colony'),
('Rahul Medical', 'Dharmendra Nagar'),
('Jagdish Pharmacy', 'Lalita Vihar'),
('Sanjay Medical', 'Sushil Nagar'),
('Preeti Pharmacy', 'Rishi Colony'),
('Usha Medical', 'Savitri Nagar'),
('Saraswati Pharmacy', 'Yamunapuri'),
('Vijay Medical', 'Girish Colony'),
('Shanti Pharmacy', 'Shankar Vihar'),
('Rakesh Medical', 'Neelkanth Nagar'),
('Anita Pharmacy', 'Geeta Colony'),
('Rajesh Medical', 'Vikram Nagar'),
('Anuradha Pharmacy', 'Narayan Vihar'),
('Neeraj Pharmacy', 'Ashok Colony'),
('Ganpati Pharmacy', 'Pawan Nagar'),
('Deepak Medical', 'Swaroop Nagar'),
('Shalini Pharmacy', 'Arya Nagar'),
('Ritu Medical', 'Chandra Vihar'),
('Alok Pharmacy', 'Hemant Colony'),
('Neha Medical', 'Siddharth Nagar'),
('Ravi Pharmacy', 'Rajeshwari Colony'),
('Sudha Medical', 'Prakash Nagar'),
('Pooja Pharmacy', 'Sneha Vihar'),
('Rajeev Medical', 'Rajiv Nagar'),
('Anjali Pharmacy', 'Sukhdev Colony'),
('Suman Medical', 'Nirbhay Nagar'),
('Priya Pharmacy', 'Chetna Vihar'),
('Rohit Medical', 'Rohini Colony'),
('Nisha Pharmacy', 'Nirmala Nagar'),
('Vijay Medical', 'Satyam Nagar'),
('Seema Pharmacy', 'Ragini Vihar'),
('Amar Medical', 'Madhuban Colony'),
('Vikas Pharmacy', 'Kushal Nagar'),
('Kavita Medical', 'Prerna Colony'),
('Suman Pharmacy', 'Sangeeta Vihar'),
('Amit Medical', 'Prem Nagar'),
('Neeraj Pharmacy', 'Nandini Colony'),
('Sangeeta Medical', 'Vikas Nagar'),
('Sunil Pharmacy', 'Jyoti Vihar'),
('Poonam Medical', 'Pragati Colony'),
('Sanjeev Pharmacy', 'Ritika Nagar'),
('Neelam Medical', 'Nirvana Colony'),
('Vineet Pharmacy', 'Vivek Vihar'),
('Het-Divy Medical', 'Anand Nagar'),
('Sandeep Pharmacy', 'Sudha Colony'),
('Kanchan Medical', 'Kanchanpuri'),
('Rashmi Pharmacy', 'Rashmi Nagar');


INSERT INTO Buy_Offline (Exp_date, Online_sale_price, Available_qty, Mfg_date, Medicine_name, Store_name, Store_address) VALUES
('2025-12-31', 500, 20, '2023-01-01', 'Paracetamol', 'Ganpati Pharmacy', 'Rajpur Colony'),
('2026-01-30', 200, 15, '2023-02-01', 'Amoxicillin', 'Lakshmi Medical', 'Saraswati Nagar'),
('2025-11-15', 150, 30, '2023-03-05', 'Aspirin', 'Gopal Pharmacy', 'Ramnagar'),
('2024-10-22', 300, 25, '2023-04-20', 'Omeprazole', 'Parvati Medical', 'Krishna Vihar'),
('2026-03-18', 250, 10, '2023-05-10', 'Diphenhydramine', 'Radha Medical', 'Bhagwanpura'),
('2027-07-09', 450, 50, '2023-06-21', 'Loratadine', 'Shakti Pharmacy', 'Shivaji Nagar'),
('2025-09-30', 350, 40, '2023-07-30', 'Ranitidine', 'Vishnu Medical', 'Gokul Colony'),
('2025-02-20', 280, 20, '2023-08-15', 'Morphine', 'Surya Medical', 'Tulsi Vihar'),
('2026-04-25', 230, 35, '2023-09-05', 'Simvastatin', 'Gauri Pharmacy', 'Kanhaiya Nagar'),
('2027-01-01', 420, 30, '2023-10-10', 'Lisinopril', 'Hanuman Medical', 'Preet Nagar'),
('2026-05-19', 350, 25, '2023-11-20', 'Warfarin', 'Sita Pharmacy', 'Laxmanpura'),
('2025-08-30', 600, 12, '2023-12-15', 'Insulin', 'Brahma Medical', 'Durga Colony'),
('2026-09-22', 100, 45, '2024-01-05', 'Prednisone', 'Vijay Medical', 'Jagannath Nagar'),
('2027-02-11', 220, 30, '2024-02-28', 'Albuterol', 'Jaya Medical', 'Govindpura'),
('2026-10-05', 410, 20, '2024-03-15', 'Furosemide', 'Arun Medical', 'Surya Nagar'),
('2027-03-20', 250, 50, '2024-04-25', 'Atorvastatin', 'Sarita Pharmacy', 'Guru Kripa Colony'),
('2026-07-15', 200, 15, '2024-05-10', 'Azathioprine', 'Ganesh Medical', 'Radhakrishna Nagar'),
('2026-11-10', 330, 40, '2024-06-01', 'Acetazolamide', 'Laxmi Pharmacy', 'Gandhi Nagar'),
('2027-04-08', 400, 25, '2024-07-20', 'Alendronate', 'Indira Medical', 'Vishwakarma Colony'),
('2025-12-24', 150, 30, '2024-08-05', 'Bimatoprost', 'Yamuna Pharmacy', 'Girija Vihar'),
('2026-06-15', 290, 35, '2024-09-15', 'Clozapine', 'Vijay Medical', 'Sai Nagar'),
('2026-03-21', 310, 20, '2024-10-30', 'Dexamethasone', 'Meera Pharmacy', 'Annapurna Colony'),
('2027-01-30', 230, 45, '2024-11-25', 'Ertapenem', 'Neeraj Pharmacy', 'Mahavir Nagar'),
('2026-08-09', 360, 30, '2024-12-10', 'Fosinopril', 'Ram Medical', 'Lalanagar'),
('2026-04-04', 420, 15, '2025-01-20', 'Guaifenesin', 'Nanda Pharmacy', 'Bhavani Colony'),
('2026-05-20', 350, 20, '2025-02-05', 'Isotretinoin', 'Manisha Medical', 'Harihar Nagar'),
('2025-09-15', 270, 25, '2025-03-01', 'Ketorolac', 'Kiran Pharmacy', 'Vrindavan Colony'),
('2026-02-25', 500, 50, '2025-04-15', 'Memantine', 'Govinda Medical', 'Santosh Nagar'),
('2027-08-12', 120, 30, '2025-05-25', 'Naltrexone', 'Madhuri Pharmacy', 'Gayatri Vihar'),
('2025-07-20', 400, 40, '2025-06-10', 'Olanzapine', 'Rama Medical', 'Kuber Colony'),
('2026-12-17', 360, 40, '2025-07-01', 'Phentermine', 'Savitri Pharmacy', 'Chandni Chowk'),
('2025-11-30', 180, 60, '2025-07-20', 'Quinapril', 'Raj Medical', 'Janki Nagar'),
('2027-02-05', 450, 25, '2025-08-15', 'Rivastigmine', 'Durga Pharmacy', 'Hanuman Colony'),
('2026-03-25', 250, 55, '2025-09-05', 'Sertraline', 'Rahul Medical', 'Dharmendra Nagar'),
('2027-01-18', 490, 45, '2025-09-25', 'Telmisartan', 'Jagdish Pharmacy', 'Lalita Vihar'),
('2026-10-20', 320, 30, '2025-10-10', 'Ursodiol', 'Sanjay Medical', 'Sushil Nagar'),
('2025-08-12', 210, 50, '2025-10-30', 'Vardenafil', 'Preeti Pharmacy', 'Rishi Colony'),
('2026-07-28', 230, 35, '2025-11-20', 'Zolpidem', 'Usha Medical', 'Savitri Nagar'),
('2027-04-15', 375, 20, '2025-12-01', 'Aripiprazole', 'Saraswati Pharmacy', 'Yamunapuri'),
('2026-11-11', 420, 40, '2026-01-10', 'Bromocriptine', 'Vijay Medical', 'Girish Colony'),
('2027-05-22', 290, 30, '2026-02-05', 'Carbamazepine', 'Shanti Pharmacy', 'Shankar Vihar'),
('2026-04-30', 380, 25, '2026-03-15', 'Dronabinol', 'Rakesh Medical', 'Neelkanth Nagar'),
('2025-10-08', 500, 15, '2026-04-01', 'Epoetin alfa', 'Anita Pharmacy', 'Geeta Colony'),
('2027-06-18', 240, 60, '2026-05-10', 'Glyburide', 'Rajesh Medical', 'Vikram Nagar'),
('2026-12-31', 340, 45, '2026-06-20', 'Haloperidol', 'Anuradha Pharmacy', 'Narayan Vihar'),
('2026-09-15', 190, 50, '2026-07-05', 'Ibuprofen', 'Neeraj Pharmacy', 'Ashok Colony'),
('2025-12-20', 260, 30, '2026-08-01', 'Jardiance', 'Ganpati Pharmacy', 'Pawan Nagar'),
('2027-03-30', 400, 35, '2026-08-25', 'Ketoconazole', 'Deepak Medical', 'Swaroop Nagar'),
('2026-01-14', 180, 20, '2026-09-15', 'Levalbuterol', 'Shalini Pharmacy', 'Arya Nagar'),
('2027-07-05', 450, 15, '2026-10-10', 'Metformin', 'Ritu Medical', 'Chandra Vihar'),
('2027-08-29', 310, 25, '2026-11-05', 'Norethindrone', 'Alok Pharmacy', 'Hemant Colony'),
('2025-12-15', 220, 40, '2026-11-20', 'Oxymorphone', 'Neha Medical', 'Siddharth Nagar'),
('2026-10-18', 450, 35, '2026-12-01', 'Rabeprazole', 'Ravi Pharmacy', 'Rajeshwari Colony'),
('2027-02-22', 190, 50, '2027-01-10', 'Sildenafil', 'Sudha Medical', 'Prakash Nagar'),
('2026-09-10', 280, 20, '2027-02-15', 'Tamsulosin', 'Pooja Pharmacy', 'Sneha Vihar'),
('2027-01-07', 360, 25, '2027-04-05', 'Metoclopramide', 'Rajeev Medical', 'Rajiv Nagar'),
('2026-11-29', 430, 40, '2027-04-25', 'Nitroglycerin', 'Anjali Pharmacy', 'Sukhdev Colony'),
('2027-03-15', 210, 45, '2027-05-05', 'Phenytoin', 'Suman Medical', 'Nirbhay Nagar'),
('2027-05-21', 390, 20, '2027-05-30', 'Carvedilol', 'Priya Pharmacy', 'Chetna Vihar'),
('2027-06-09', 240, 50, '2027-06-15', 'Doxycycline', 'Rohit Medical', 'Rohini Colony'),
('2026-08-30', 310, 30, '2027-07-10', 'Fentanyl', 'Nisha Pharmacy', 'Nirmala Nagar'),
('2026-10-20', 380, 25, '2027-08-05', 'Rosuvastatin', 'Vijay Medical', 'Satyam Nagar'),
('2027-04-28', 200, 15, '2027-09-01', 'Citalopram', 'Seema Pharmacy', 'Ragini Vihar'),
('2027-07-14', 320, 35, '2027-09-20', 'Levetiracetam', 'Amar Medical', 'Madhuban Colony'),
('2027-09-01', 290, 30, '2027-10-10', 'Pioglitazone', 'Vineet Pharmacy', 'Vivek Vihar'),
('2027-03-20', 170, 40, '2027-10-30', 'Valsartan', 'Het-Divy Medical', 'Anand Nagar'),
('2026-12-25', 420, 20, '2027-11-15', 'Rivaroxaban', 'Sandeep Pharmacy', 'Sudha Colony'),
('2026-11-07', 450, 15, '2027-12-05', 'Amlodipine', 'Kanchan Medical', 'Kanchanpuri'),
('2027-02-11', 190, 50, '2028-01-01', 'Methotrexate', 'Rashmi Pharmacy', 'Rashmi Nagar'),
('2026-11-23', 415, 18, '2026-05-18', 'Celecoxib', 'Amit Medical', 'Prem Nagar'),
('2027-07-15', 275, 45, '2026-09-07', 'Penicillin', 'Neeraj Pharmacy', 'Nandini Colony'),
('2027-01-20', 300, 40, '2026-11-15', 'Codeine', 'Sangeeta Medical', 'Vikas Nagar'),
('2027-05-08', 220, 30, '2026-12-21', 'Pantoprazole', 'Sunil Pharmacy', 'Jyoti Vihar'),
('2026-12-01', 450, 25, '2026-08-11', 'Cetirizine', 'Poonam Medical', 'Pragati Colony'),
('2027-03-11', 195, 35, '2026-10-03', 'Desloratadine', 'Sanjeev Pharmacy', 'Ritika Nagar'),
('2027-06-21', 360, 20, '2026-01-01', 'Famotidine', 'Neelam Medical', 'Nirvana Colony'),
('2026-09-29', 390, 40, '2026-03-15', 'Azithromycin', 'Vineet Pharmacy', 'Vivek Vihar'),
('2027-08-18', 230, 45, '2026-04-20', 'Tramadol', 'Het-Divy Medical', 'Anand Nagar'),
('2026-10-17', 325, 50, '2026-07-22', 'Gliclazide', 'Sandeep Pharmacy', 'Sudha Colony'),
('2027-09-30', 215, 55, '2026-11-29', 'Losartan', 'Kanchan Medical', 'Kanchanpuri'),
('2026-11-20', 180, 30, '2026-06-10', 'Heparin', 'Rashmi Pharmacy', 'Rashmi Nagar'),
('2027-02-14', 410, 25, '2026-08-15', 'Sitagliptin', 'Alok Pharmacy', 'Hemant Colony'),
('2026-10-05', 345, 20, '2026-10-01', 'Acetaminophen', 'Neha Medical', 'Siddharth Nagar'),
('2027-03-25', 250, 55, '2026-09-05', 'Diclofenac', 'Ravi Pharmacy', 'Rajeshwari Colony'),
('2026-08-20', 205, 50, '2026-04-15', 'Sumatriptan', 'Sudha Medical', 'Prakash Nagar'),
('2027-01-11', 275, 45, '2026-03-30', 'Mirtazapine', 'Pooja Pharmacy', 'Sneha Vihar'),
('2026-07-15', 320, 35, '2026-02-20', 'Topiramate', 'Vikas Pharmacy', 'Kushal Nagar'),
('2027-05-20', 190, 40, '2026-01-25', 'Lansoprazole', 'Rajeev Medical', 'Rajiv Nagar'),
('2026-09-10', 360, 30, '2026-05-05', 'Atenolol', 'Anjali Pharmacy', 'Sukhdev Colony'),
('2026-12-25', 420, 15, '2026-06-30', 'Enoxaparin', 'Suman Medical', 'Nirbhay Nagar'),
('2027-03-30', 350, 25, '2026-10-10', 'Clonidine', 'Priya Pharmacy', 'Chetna Vihar'),
('2027-01-05', 400, 35, '2026-07-01', 'Montelukast', 'Rohit Medical', 'Rohini Colony'),
('2027-04-15', 250, 20, '2026-11-20', 'Alprazolam', 'Nisha Pharmacy', 'Nirmala Nagar'),
('2027-02-08', 310, 50, '2026-09-25', 'Levofloxacin', 'Vijay Medical', 'Satyam Nagar'),
('2026-08-10', 290, 40, '2026-04-10', 'Salmeterol', 'Seema Pharmacy', 'Ragini Vihar'),
('2027-03-18', 340, 40, '2026-10-15', 'Doxazosin', 'Amar Medical', 'Madhuban Colony'),
('2026-12-20', 225, 30, '2026-07-01', 'Cephalexin', 'Vineet Pharmacy', 'Vivek Vihar'),
('2026-11-25', 395, 45, '2026-05-20', 'Gabapentin', 'Het-Divy Medical', 'Anand Nagar'),
('2027-06-30', 210, 25, '2026-12-10', 'Fluticasone', 'Sandeep Pharmacy', 'Sudha Colony'),
('2026-10-15', 250, 35, '2026-06-05', 'Nifedipine', 'Kanchan Medical', 'Kanchanpuri'),
('2027-08-09', 360, 50, '2026-11-30', 'Levetiracetam', 'Rashmi Pharmacy', 'Rashmi Nagar'),
('2026-09-20', 310, 20, '2026-03-15', 'Oxycodone', 'Alok Pharmacy', 'Hemant Colony'),
('2026-12-30', 430, 15, '2026-08-20', 'Hydrocortisone', 'Neha Medical', 'Siddharth Nagar'),
('2027-02-22', 400, 55, '2026-09-10', 'Quetiapine', 'Ravi Pharmacy', 'Rajeshwari Colony'),
('2027-05-17', 180, 30, '2026-10-25', 'Budesonide', 'Sudha Medical', 'Prakash Nagar'),
('2027-04-08', 250, 40, '2026-11-15', 'Rosuvastatin', 'Pooja Pharmacy', 'Sneha Vihar'),
('2026-11-15', 300, 25, '2026-07-05', 'Pioglitazone', 'Vikas Pharmacy', 'Kushal Nagar'),
('2027-07-01', 320, 45, '2026-12-20', 'Valsartan', 'Rajeev Medical', 'Rajiv Nagar'),
('2027-06-10', 210, 50, '2026-01-30', 'Rivaroxaban', 'Anjali Pharmacy', 'Sukhdev Colony'),
('2026-12-11', 285, 30, '2026-08-01', 'Amlodipine', 'Suman Medical', 'Nirbhay Nagar'),
('2027-03-05', 375, 20, '2026-09-15', 'Citalopram', 'Priya Pharmacy', 'Chetna Vihar'),
('2026-10-23', 195, 55, '2026-05-10', 'Tamsulosin', 'Rohit Medical', 'Rohini Colony'),
('2026-08-18', 350, 40, '2026-02-18', 'Methotrexate', 'Nisha Pharmacy', 'Nirmala Nagar'),
('2027-05-09', 290, 35, '2026-10-30', 'Hydroxyzine', 'Vijay Medical', 'Satyam Nagar'),
('2027-02-12', 310, 50, '2026-09-20', 'Tramadol', 'Seema Pharmacy', 'Ragini Vihar'),
('2027-01-20', 265, 45, '2026-06-10', 'Losartan', 'Amar Medical', 'Madhuban Colony'),
('2026-12-25', 240, 40, '2026-07-15', 'Heparin', 'Vineet Pharmacy', 'Vivek Vihar'),
('2027-03-31', 220, 30, '2026-10-01', 'Sitagliptin', 'Het-Divy Medical', 'Anand Nagar'),
('2026-11-10', 205, 55, '2026-08-05', 'Acetaminophen', 'Sandeep Pharmacy', 'Sudha Colony'),
('2026-10-01', 350, 20, '2026-05-15', 'Diclofenac', 'Kanchan Medical', 'Kanchanpuri'),
('2027-06-25', 210, 40, '2026-11-30', 'Clonidine', 'Neha Medical', 'Siddharth Nagar'),
('2026-11-10', 195, 55, '2026-07-15', 'Montelukast', 'Ravi Pharmacy', 'Rajeshwari Colony'),
('2027-04-12', 260, 50, '2026-09-20', 'Alprazolam', 'Sudha Medical', 'Prakash Nagar'),
('2026-10-18', 380, 30, '2026-05-25', 'Levofloxacin', 'Pooja Pharmacy', 'Sneha Vihar'),
('2027-03-07', 350, 25, '2026-08-10', 'Salmeterol', 'Vikas Pharmacy', 'Kushal Nagar'),
('2026-12-22', 320, 20, '2026-06-18', 'Amiodarone', 'Rajeev Medical', 'Rajiv Nagar'),
('2026-11-17', 335, 45, '2026-07-01', 'Fluoxetine', 'Anjali Pharmacy', 'Sukhdev Colony'),
('2027-05-30', 290, 30, '2026-11-05', 'Sildenafil', 'Suman Medical', 'Nirbhay Nagar'),
('2027-04-19', 225, 15, '2026-10-10', 'Clarithromycin', 'Priya Pharmacy', 'Chetna Vihar'),
('2026-09-28', 415, 55, '2026-04-20', 'Duloxetine', 'Rohit Medical', 'Rohini Colony'),
('2027-02-21', 190, 50, '2026-08-30', 'Metoclopramide', 'Nisha Pharmacy', 'Nirmala Nagar'),
('2027-01-13', 345, 40, '2026-07-05', 'Lamotrigine', 'Vijay Medical', 'Satyam Nagar'),
('2027-03-10', 230, 35, '2026-09-01', 'Fenofibrate', 'Seema Pharmacy', 'Ragini Vihar'),
('2026-10-25', 280, 45, '2026-05-15', 'Levothyroxine', 'Amar Medical', 'Madhuban Colony'),
('2026-12-14', 320, 30, '2026-06-22', 'Ethinyl estradiol', 'Vineet Pharmacy', 'Vivek Vihar'),
('2027-06-07', 250, 25, '2026-11-27', 'Nitroglycerin', 'Het-Divy Medical', 'Anand Nagar'),
('2027-02-05', 375, 20, '2026-08-15', 'Hydroxyzine', 'Sandeep Pharmacy', 'Sudha Colony'),
('2026-11-30', 400, 55, '2026-06-01', 'Prednisolone', 'Kanchan Medical', 'Kanchanpuri'),
('2027-05-15', 190, 50, '2026-10-20', 'Trazodone', 'Rashmi Pharmacy', 'Rashmi Nagar'),
('2026-09-10', 310, 25, '2026-03-30', 'Celecoxib', 'Alok Pharmacy', 'Hemant Colony'),
('2027-04-21', 205, 30, '2026-12-05', 'Penicillin', 'Neha Medical', 'Siddharth Nagar'),
('2026-12-07', 350, 40, '2026-07-12', 'Codeine', 'Ravi Pharmacy', 'Rajeshwari Colony'),
('2027-03-18', 245, 45, '2026-09-25', 'Pantoprazole', 'Sudha Medical', 'Prakash Nagar'),
('2026-10-22', 360, 50, '2026-05-28', 'Cetirizine', 'Pooja Pharmacy', 'Sneha Vihar'),
('2027-01-29', 330, 20, '2026-08-18', 'Desloratadine', 'Vikas Pharmacy', 'Kushal Nagar');
